Age,EducationLevel,ExperienceYears,PreviousCompanies,DistanceFromCompany,InterviewScore,SkillScore,PersonalityScore,RecruitmentStrategy_External,RecruitmentStrategy_Internal,RecruitmentStrategy_Referral,ExperienceLevel_Junior,ExperienceLevel_Medior,ExperienceLevel_Senior
37,2,15,5,-0.166158124832265,9,65,66,1,0,0,0,0,1
32,2,15,5,0.02535422887550762,36,55,89,0,1,0,0,0,1
36,2,10,2,1.4924263594667666,5,16,39,0,1,0,0,0,1
32,1,15,5,0.7259455172250798,100,76,97,1,0,0,0,0,1
25,1,13,3,0.7704653478983152,19,18,1,1,0,0,0,0,1
36,4,9,4,1.5300457588613334,51,21,47,1,0,0,0,0,1
33,2,3,2,1.6010371853970895,88,84,4,0,0,1,0,1,0
41,1,15,1,-1.4296178046381338,96,59,79,0,1,0,0,0,1
38,1,15,2,-0.9866292579532435,93,66,29,1,0,0,0,0,1
22,1,2,2,-0.5062769327551536,65,19,15,1,0,0,0,1,0
45,2,4,5,0.09916313370771052,91,91,38,0,0,1,0,1,0
46,2,0,4,-1.6696344102601917,20,48,87,1,0,0,1,0,0
25,4,11,3,0.946588796186593,59,32,14,0,1,0,0,0,1
35,2,8,1,0.773174198823709,65,3,43,0,0,1,0,0,1
20,2,5,4,-0.8214383614586843,96,68,11,1,0,0,0,1,0
45,1,13,2,0.16999514365506682,79,100,53,1,0,0,0,0,1
40,1,13,4,1.5194565010203929,70,59,22,1,0,0,0,0,1
20,1,6,1,0.9371856209042585,31,85,6,1,0,0,0,0,1
45,3,9,4,-0.6104500672758907,71,60,97,1,0,0,0,0,1
38,1,10,2,1.6334457043464952,31,3,46,0,0,1,0,0,1
28,2,0,2,-1.3107285344907629,32,78,64,0,1,0,1,0,0
41,2,13,3,1.0537979673711164,34,50,95,0,0,1,0,0,1
45,4,15,4,1.1358837688563073,46,32,42,1,0,0,0,0,1
35,4,3,2,1.3775007620022814,27,12,79,0,1,0,0,1,0
21,1,13,4,-0.2083406929876461,16,0,16,1,0,0,0,0,1
39,2,10,5,-0.8987313444451756,9,73,27,1,0,0,0,0,1
47,2,10,5,-0.13245867394855737,45,42,88,0,0,1,0,0,1
26,1,9,4,-0.9405346926160314,45,68,48,0,1,0,0,0,1
27,2,6,3,0.7687595159948868,60,7,53,0,0,1,0,0,1
48,1,12,4,0.554350031922651,20,1,100,1,0,0,0,0,1
36,2,8,1,-0.8139473580022365,3,6,19,0,1,0,0,0,1
25,4,14,4,-1.6932782348575026,50,59,12,0,0,1,0,0,1
22,1,3,2,-0.7714850215923528,54,29,94,1,0,0,0,1,0
49,2,4,3,-1.4865207401546128,5,89,47,1,0,0,0,1,0
26,2,11,1,-1.6789830593567028,95,34,12,0,1,0,0,0,1
39,3,1,5,-1.4348698051698343,57,75,25,1,0,0,1,0,0
28,2,10,4,-0.054987356922759516,89,64,52,0,1,0,0,0,1
34,3,12,2,-1.053965900073575,46,88,77,0,1,0,0,0,1
50,3,12,5,-1.2127742670157495,87,95,12,0,1,0,0,0,1
49,2,10,5,-0.2916829008268109,25,53,23,1,0,0,0,0,1
49,1,8,3,1.0238397268698003,72,93,46,1,0,0,0,0,1
29,3,6,4,0.05859514453301083,14,51,14,0,0,1,0,0,1
28,3,8,4,-1.408123555676462,64,58,76,0,0,1,0,0,1
21,2,11,1,0.05581927257381024,79,39,22,1,0,0,0,0,1
27,3,11,2,1.7309701004258917,48,17,99,1,0,0,0,0,1
38,4,7,5,1.1512544953485597,62,9,1,0,1,0,0,0,1
21,2,6,2,0.44113942912416854,41,93,51,0,0,1,0,0,1
32,3,2,1,-0.21991178629408395,57,18,75,0,1,0,0,1,0
49,3,5,3,-0.37512903913162143,74,5,74,1,0,0,0,1,0
50,2,13,2,-0.7024859217257664,70,14,25,1,0,0,0,0,1
41,4,12,4,0.013227887381713432,36,28,97,0,1,0,0,0,1
20,2,14,3,0.0023439556252236498,8,82,79,1,0,0,0,0,1
49,2,10,3,-0.33078956814611027,74,59,8,0,0,1,0,0,1
48,1,1,2,1.0367584983128149,100,58,76,1,0,0,1,0,0
47,2,1,1,0.9535345052575352,77,82,63,0,0,1,1,0,0
26,2,12,1,-0.6111070521706543,26,55,42,1,0,0,0,0,1
47,4,3,3,-0.608818328407102,32,41,58,1,0,0,0,1,0
43,2,14,4,-0.9059430033862004,21,4,92,1,0,0,0,0,1
28,1,10,4,0.07519023296075598,64,71,33,1,0,0,0,0,1
32,2,6,3,-0.7757985140798139,64,59,73,0,1,0,0,0,1
20,4,8,3,-1.0700947503964449,19,53,82,0,0,1,0,0,1
29,2,14,1,-1.5202817860329332,76,79,38,0,0,1,0,0,1
35,2,1,4,1.2357767780784712,71,5,30,0,0,1,1,0,0
38,3,6,1,0.45023027674610266,47,16,81,0,1,0,0,0,1
21,1,6,1,-0.5904230933606336,60,38,63,1,0,0,0,0,1
34,4,15,5,-0.6314626349918436,35,96,43,0,1,0,0,0,1
34,2,14,3,1.0943007407330543,84,46,46,0,1,0,0,0,1
23,2,5,2,-1.0612936161508582,81,87,1,0,1,0,0,1,0
49,3,14,2,-1.4866434920035565,64,20,33,1,0,0,0,0,1
39,1,10,2,0.7298101139163363,55,61,11,1,0,0,0,0,1
39,2,12,5,-0.9794877984866215,45,96,66,1,0,0,0,0,1
47,3,15,2,-1.5486837198708416,30,9,25,1,0,0,0,0,1
43,3,7,2,0.5054868068970525,50,92,17,0,1,0,0,0,1
44,2,11,4,0.12048647515426596,27,30,30,1,0,0,0,0,1
41,1,8,5,0.48393665259870694,99,23,88,1,0,0,0,0,1
50,1,13,1,1.6866171503947043,43,10,45,1,0,0,0,0,1
43,2,0,4,-1.3471578345367465,29,10,37,1,0,0,1,0,0
25,1,4,3,0.7788362599773235,26,93,54,1,0,0,0,1,0
21,1,12,2,0.10146414805507306,35,82,14,0,0,1,0,0,1
38,3,12,2,0.11061452781429482,69,91,63,0,0,1,0,0,1
21,3,0,1,-0.1546866279279404,31,55,83,1,0,0,1,0,0
23,1,15,4,-0.12245603149689141,5,51,95,0,1,0,0,0,1
38,2,14,1,0.942091373231462,32,16,91,0,1,0,0,0,1
49,3,2,4,0.3949195046302366,53,12,46,0,1,0,0,1,0
34,2,1,2,-0.49962314929273716,29,28,23,0,0,1,1,0,0
48,1,12,5,1.5312661414992963,0,60,45,1,0,0,0,0,1
33,2,1,5,-1.1018941082412566,26,87,20,1,0,0,1,0,0
38,2,6,5,0.018325603328691983,95,70,22,1,0,0,0,0,1
47,4,15,5,1.066508643900635,73,26,84,1,0,0,0,0,1
20,3,5,1,-0.14522232663162588,29,24,22,0,0,1,0,1,0
44,2,5,1,-0.992764064961037,74,17,13,0,1,0,0,1,0
36,2,9,2,0.4499779252552783,8,22,12,1,0,0,0,0,1
44,2,12,2,0.648537943153042,21,68,22,1,0,0,0,0,1
31,1,3,4,-0.19184603937957212,19,31,30,0,1,0,0,1,0
38,2,14,4,0.10547144150279857,39,86,82,1,0,0,0,0,1
37,3,11,2,-0.4617643492830931,51,79,11,0,1,0,0,0,1
49,3,6,2,-0.5326627624449962,25,46,45,0,0,1,0,0,1
31,2,7,3,-0.764731031304004,85,77,9,0,1,0,0,0,1
22,3,14,5,1.124120187877394,36,49,29,0,1,0,0,0,1
50,2,3,2,-0.15450811182507604,93,49,68,1,0,0,0,1,0
24,2,10,1,-1.2467097222229904,11,100,24,1,0,0,0,0,1
30,2,1,2,0.2412028696176578,80,35,85,0,1,0,1,0,0
38,2,0,1,-0.8068654204075819,76,36,77,1,0,0,1,0,0
43,2,7,5,0.5305509634738426,45,36,88,0,1,0,0,0,1
47,1,11,1,-1.1125153951872433,42,49,1,1,0,0,0,0,1
46,2,13,1,1.146447264528555,58,40,66,0,0,1,0,0,1
20,2,8,2,1.5675129426311813,80,16,3,1,0,0,0,0,1
23,2,10,1,-0.6863741730477096,59,80,51,0,1,0,0,0,1
47,1,2,4,-0.6667842702509011,92,5,64,1,0,0,0,1,0
30,3,12,5,-1.4111650621783325,96,46,78,0,0,1,0,0,1
27,2,3,3,-0.17084377828487546,27,72,63,0,1,0,0,1,0
43,2,14,4,1.2847965646967079,81,20,14,0,0,1,0,0,1
30,2,3,2,-1.5146491815383916,21,86,43,0,1,0,0,1,0
34,1,6,2,1.191706776307194,51,84,62,0,1,0,0,0,1
31,2,15,1,-1.4370001687159255,56,28,28,1,0,0,0,0,1
20,2,5,5,0.8978232997425418,83,25,72,1,0,0,0,1,0
48,2,15,4,-1.2561207387794364,15,45,100,0,1,0,0,0,1
27,1,11,4,1.6978979261588096,15,90,63,1,0,0,0,0,1
38,2,10,5,-0.8420258424559857,36,28,12,0,1,0,0,0,1
23,1,10,5,-1.1403264814747105,96,92,45,0,1,0,0,0,1
34,2,13,3,-0.3650145843431334,43,47,43,1,0,0,0,0,1
31,2,15,5,1.4321292456693107,28,0,55,0,0,1,0,0,1
30,4,10,4,0.4807125961013765,59,14,51,1,0,0,0,0,1
22,2,12,3,0.09915066614432823,39,20,96,1,0,0,0,0,1
25,2,7,3,-0.6936418642884401,10,98,23,0,1,0,0,0,1
28,2,14,3,1.4071905544506818,78,51,27,1,0,0,0,0,1
48,2,11,4,0.201087977374952,9,46,59,0,1,0,0,0,1
22,2,8,1,-0.06907932587794072,42,55,93,0,1,0,0,0,1
42,2,4,5,-1.4286378518353902,94,17,13,0,0,1,0,1,0
20,3,9,4,-1.65292822308989,52,46,39,0,1,0,0,0,1
36,1,1,3,-1.4291121983407087,15,83,86,0,1,0,1,0,0
45,2,13,5,-0.587684103864806,18,67,7,0,1,0,0,0,1
29,4,3,5,1.0523804152620821,56,18,21,1,0,0,0,1,0
45,2,6,3,-1.5588853411369519,71,3,21,0,0,1,0,0,1
45,1,14,3,-1.0434196371545577,0,20,61,0,0,1,0,0,1
32,1,10,4,-1.443349880337843,73,86,50,0,0,1,0,0,1
21,3,2,4,0.7955899267562342,41,54,47,1,0,0,0,1,0
20,3,14,3,1.6209832974140703,70,32,90,1,0,0,0,0,1
34,2,5,2,-1.328524315399356,36,27,70,0,0,1,0,1,0
44,3,4,2,1.3524293846452944,11,70,30,0,0,1,0,1,0
28,2,6,2,-0.16542592994455893,38,93,77,1,0,0,0,0,1
46,2,14,2,-1.5279346647797667,38,90,74,0,1,0,0,0,1
27,3,14,4,0.42171755325619315,54,50,50,0,1,0,0,0,1
22,2,0,4,0.6813188003070072,9,81,77,1,0,0,1,0,0
50,2,14,3,1.4474582763150179,65,41,93,1,0,0,0,0,1
23,2,9,2,0.8097287614404839,57,80,25,1,0,0,0,0,1
46,2,8,4,-1.5044025201848374,12,47,24,1,0,0,0,0,1
50,2,1,4,0.32106389894832177,93,8,76,1,0,0,1,0,0
46,2,1,4,1.5281007913590734,2,83,68,1,0,0,1,0,0
28,3,15,2,0.0798591572755889,15,37,54,1,0,0,0,0,1
28,4,3,1,0.5866401817672156,88,45,60,0,1,0,0,1,0
41,2,10,2,0.4562404674550532,81,54,16,1,0,0,0,0,1
27,3,15,4,1.4459074106271248,2,1,3,1,0,0,0,0,1
46,1,6,4,-1.0646616273797997,72,27,95,0,0,1,0,0,1
21,3,9,1,-0.626184468428821,60,8,47,0,1,0,0,0,1
35,3,11,1,0.07612960885825351,60,4,71,1,0,0,0,0,1
20,2,12,1,-0.7984399889706622,35,72,61,1,0,0,0,0,1
39,2,7,4,1.3017870216029857,74,66,45,1,0,0,0,0,1
40,3,15,2,0.6847421588797916,36,68,13,1,0,0,0,0,1
38,3,15,5,-1.6553885823800982,82,85,9,0,0,1,0,0,1
30,2,10,5,0.06031946745081877,34,51,51,0,0,1,0,0,1
21,1,12,4,-0.7400833540411164,61,18,0,1,0,0,0,0,1
28,4,4,3,-1.504657168861861,57,100,68,0,0,1,0,1,0
21,3,13,2,-0.14921033144267423,54,69,11,0,1,0,0,0,1
40,3,15,4,-1.0891654793534473,51,48,71,0,1,0,0,0,1
42,2,12,1,0.3826751121854251,26,1,64,0,1,0,0,0,1
20,2,10,1,-1.5369059909322094,55,66,82,0,0,1,0,0,1
41,2,12,1,0.44726508879155813,47,17,47,1,0,0,0,0,1
42,3,9,3,1.0102466423135426,79,71,12,1,0,0,0,0,1
50,2,10,1,-0.6960427088078529,11,92,49,0,0,1,0,0,1
46,2,13,4,0.5456196930968801,38,52,6,1,0,0,0,0,1
42,3,9,3,1.3716601525655538,90,70,47,0,1,0,0,0,1
28,4,5,2,1.741325030699999,22,31,1,0,1,0,0,1,0
31,2,9,4,-0.702115157451008,30,70,50,1,0,0,0,0,1
42,2,5,3,1.574183346262563,75,76,32,0,0,1,0,1,0
45,2,12,2,-0.9978303048956393,54,66,94,1,0,0,0,0,1
34,1,2,3,1.6465096490452564,27,81,34,0,1,0,0,1,0
40,2,8,3,1.681522800709919,63,87,93,0,0,1,0,0,1
33,3,3,5,-1.4614778334798857,69,56,17,0,0,1,0,1,0
39,1,0,1,1.2196146363095108,3,80,61,1,0,0,1,0,0
27,2,0,1,0.6528567054805438,41,28,12,0,0,1,1,0,0
42,3,3,5,0.1530722474823518,46,14,75,1,0,0,0,1,0
23,2,10,2,-0.30118644531508537,98,63,50,0,0,1,0,0,1
41,3,1,5,0.8044829099994844,82,58,38,0,0,1,1,0,0
38,3,15,5,0.6514985654872193,70,86,62,1,0,0,0,0,1
42,2,14,2,-0.6768853807852825,86,60,9,0,0,1,0,0,1
46,2,4,4,1.326458530032685,22,76,87,0,0,1,0,1,0
41,3,11,1,0.6975135652691248,53,70,43,1,0,0,0,0,1
23,2,9,4,-0.05822681689074249,24,45,68,0,1,0,0,0,1
23,3,2,3,0.495378743127253,93,70,35,1,0,0,0,1,0
34,2,7,2,0.6557354116553914,93,32,54,1,0,0,0,0,1
23,1,9,3,-1.526913540304622,22,75,94,0,0,1,0,0,1
29,2,1,5,-0.7209534147945068,48,38,13,0,1,0,1,0,0
32,2,7,4,1.0845923047773685,50,53,53,1,0,0,0,0,1
35,4,4,5,0.790432417098498,65,46,93,1,0,0,0,1,0
40,3,15,4,-0.15467748930253983,21,86,67,1,0,0,0,0,1
47,4,11,1,0.4895887432473615,44,61,37,1,0,0,0,0,1
50,3,12,1,-0.7481044868065296,52,9,61,0,0,1,0,0,1
49,1,15,2,0.03642985142702794,64,0,52,1,0,0,0,0,1
49,2,11,5,-0.08010962748876846,57,31,92,0,1,0,0,0,1
47,3,13,2,-1.367184371839071,17,97,44,0,1,0,0,0,1
50,3,14,3,1.5408424326692065,30,56,66,0,1,0,0,0,1
48,2,3,2,-1.0854824278920518,20,67,13,1,0,0,0,1,0
48,2,6,1,-0.5755779970021352,24,52,64,0,0,1,0,0,1
21,1,3,2,1.0369570882260049,64,37,72,0,0,1,0,1,0
33,3,7,4,1.4907284515048715,5,98,64,0,0,1,0,0,1
35,2,15,2,-1.6173096001448566,82,47,94,0,1,0,0,0,1
41,4,9,4,-0.9427380352249658,87,11,65,0,1,0,0,0,1
38,2,13,1,1.2393546439078575,35,36,79,0,1,0,0,0,1
44,4,7,3,-0.6079900271167931,56,27,77,0,1,0,0,0,1
21,2,0,4,0.85276031237007,100,28,87,0,0,1,1,0,0
23,3,0,5,0.6675516314722256,49,46,32,1,0,0,1,0,0
40,2,12,4,0.6124281936976694,43,100,93,0,0,1,0,0,1
47,1,5,3,1.4041550411284949,45,55,70,1,0,0,0,1,0
24,3,10,1,0.8137029190989216,54,17,0,0,0,1,0,0,1
48,3,4,4,0.4113690507064883,64,78,33,0,0,1,0,1,0
45,1,1,3,-0.6445175715915886,66,28,63,0,0,1,1,0,0
41,2,4,4,-0.15935987632095738,31,96,62,0,1,0,0,1,0
20,2,1,4,-1.6030191716774145,38,6,47,0,0,1,1,0,0
20,3,1,5,-0.6823914973944903,49,58,20,1,0,0,1,0,0
49,2,12,4,0.7337380585751023,22,36,76,0,1,0,0,0,1
26,2,0,1,-1.4816046980479824,41,81,27,1,0,0,1,0,0
25,2,15,3,1.7502525075043929,49,46,11,0,0,1,0,0,1
49,2,9,2,0.7918411297302053,74,42,8,0,0,1,0,0,1
50,4,10,5,0.43064047583274145,54,97,39,0,0,1,0,0,1
37,3,2,3,0.26968365319023735,33,13,33,1,0,0,0,1,0
22,2,9,2,-1.2309240122417675,20,10,52,1,0,0,0,0,1
40,2,3,2,-0.9651469477253453,86,80,46,0,1,0,0,1,0
26,2,12,3,0.47270409464229385,59,80,94,0,1,0,0,0,1
34,2,0,1,0.08644616102843945,5,17,24,1,0,0,1,0,0
45,4,2,4,0.8935802538545481,50,43,12,1,0,0,0,1,0
44,2,6,1,0.4488634331971971,15,65,40,0,0,1,0,0,1
21,2,2,1,1.2808136222382447,28,11,43,1,0,0,0,1,0
50,2,13,1,0.6407845754834145,53,11,85,0,1,0,0,0,1
29,2,14,2,-1.0446238129754672,38,5,66,1,0,0,0,0,1
34,2,10,1,-1.2733431267866469,33,20,82,0,1,0,0,0,1
38,2,3,3,1.4714497348128337,73,16,52,0,1,0,0,1,0
45,2,2,2,1.4096779967972801,19,13,27,0,0,1,0,1,0
29,3,5,5,-1.0121050018976008,62,92,11,0,1,0,0,1,0
48,2,11,2,1.137016370503255,82,65,12,1,0,0,0,0,1
32,3,13,4,-0.523264892048348,25,33,36,1,0,0,0,0,1
40,1,4,5,0.47720852577066797,71,70,46,1,0,0,0,1,0
33,2,8,4,-1.4076921852615027,2,40,98,1,0,0,0,0,1
35,3,14,5,-1.0083551881064732,60,85,4,0,1,0,0,0,1
31,2,0,2,1.1230798171183862,18,22,75,1,0,0,1,0,0
22,2,0,5,1.312278728828626,81,53,52,0,1,0,1,0,0
45,2,9,2,-1.2140664127623564,54,7,80,0,0,1,0,0,1
44,2,3,1,0.6179596504072524,91,14,50,0,1,0,0,1,0
40,2,1,4,-0.39276451787643296,49,69,35,1,0,0,1,0,0
24,2,10,4,1.6971902522154851,81,25,62,0,1,0,0,0,1
28,2,6,3,-0.3689679688085381,76,60,13,0,1,0,0,0,1
28,4,13,5,-1.5196326225828996,11,6,59,0,0,1,0,0,1
41,4,10,3,1.1614282822630977,10,40,99,0,1,0,0,0,1
50,1,13,4,0.07131572115522798,81,34,52,0,1,0,0,0,1
32,1,4,1,-1.6946091114909994,90,41,44,0,1,0,0,1,0
47,1,1,2,-1.3593984564232975,26,1,77,0,0,1,1,0,0
43,3,11,3,1.6639852960093746,60,79,68,0,0,1,0,0,1
24,1,14,2,0.9045664801669652,51,76,49,1,0,0,0,0,1
35,2,6,1,1.6037351649485307,67,76,30,1,0,0,0,0,1
44,2,13,3,-1.1368929931233969,29,58,39,0,1,0,0,0,1
33,2,2,5,-1.3825781995142068,88,26,77,0,1,0,0,1,0
36,2,12,2,-1.3624586563988301,32,51,36,1,0,0,0,0,1
24,2,15,3,-0.6586496329751965,63,31,76,0,0,1,0,0,1
32,1,9,1,0.8140856510657986,75,63,10,0,1,0,0,0,1
33,4,4,3,-0.4912649409789741,25,60,77,0,1,0,0,1,0
47,1,0,1,0.7594830450903641,14,84,5,1,0,0,1,0,0
32,1,11,4,1.1311877391189349,27,76,19,0,1,0,0,0,1
24,1,6,5,-0.3220188657649338,78,2,67,0,1,0,0,0,1
30,2,15,5,-1.638544205183294,2,78,57,1,0,0,0,0,1
42,2,1,5,-0.8419498687638108,76,98,47,0,0,1,1,0,0
44,1,12,4,0.6043671231690083,1,37,78,1,0,0,0,0,1
42,3,2,2,1.29051625187451,98,75,98,1,0,0,0,1,0
29,4,12,3,0.6241150135228631,94,62,94,1,0,0,0,0,1
25,2,5,3,0.687975747321879,94,71,32,0,1,0,0,1,0
41,4,0,2,-1.1857273193548716,71,94,44,1,0,0,1,0,0
45,2,14,5,-1.5732851881632508,74,63,8,0,0,1,0,0,1
43,2,15,3,-1.3485454905609198,15,97,12,0,0,1,0,0,1
48,1,5,4,0.8584152465940909,89,9,59,0,1,0,0,1,0
27,2,5,2,0.6245011996825302,60,69,7,1,0,0,0,1,0
43,2,0,1,1.5028062133177742,99,92,27,0,0,1,1,0,0
33,2,14,4,-0.34230530518150376,16,96,24,0,1,0,0,0,1
42,3,12,3,-1.3456067411969879,73,75,36,1,0,0,0,0,1
41,2,15,5,-1.6559006822381663,48,36,96,1,0,0,0,0,1
48,3,2,3,1.732069816310914,33,36,9,0,1,0,0,1,0
42,4,0,1,-0.9795607562648414,93,87,43,0,1,0,1,0,0
22,2,9,5,0.0770379441936841,62,63,36,0,0,1,0,0,1
25,2,2,1,0.24115839746442488,25,52,92,1,0,0,0,1,0
47,2,12,2,-0.25883613078754997,35,14,10,0,0,1,0,0,1
36,4,12,3,-0.21181933681780293,12,16,17,0,1,0,0,0,1
38,1,13,4,0.8225213703331254,31,55,8,1,0,0,0,0,1
50,4,12,4,-0.3110155924366795,83,51,31,1,0,0,0,0,1
42,2,9,1,-0.9291419901526126,77,34,17,0,1,0,0,0,1
40,1,7,3,-1.1321185965532345,13,92,87,0,1,0,0,0,1
28,2,1,3,-0.6653433905913861,82,48,71,0,1,0,1,0,0
43,3,7,5,1.7426207826467817,26,30,88,1,0,0,0,0,1
29,2,8,2,1.5620006941395255,77,86,10,1,0,0,0,0,1
25,2,7,5,-0.3013265367445194,96,42,3,1,0,0,0,0,1
47,2,2,2,1.2452633933475654,18,50,34,1,0,0,0,1,0
34,2,1,4,-0.24458606167111238,87,30,39,0,0,1,1,0,0
30,2,7,5,-1.5710291884824876,66,44,22,0,1,0,0,0,1
42,3,3,1,-1.1878980726931707,45,47,24,0,0,1,0,1,0
30,1,2,5,-1.0495838633063128,79,79,14,1,0,0,0,1,0
31,2,2,1,-1.5738915238482551,47,11,64,0,0,1,0,1,0
37,4,13,4,0.0967722728470522,3,69,68,0,1,0,0,0,1
48,2,7,3,1.203084343735201,76,2,31,1,0,0,0,0,1
36,2,13,1,-0.8863042302522097,19,6,52,0,0,1,0,0,1
47,2,0,4,-1.6450154065905525,72,31,47,0,1,0,1,0,0
39,4,6,2,-0.35118815911487833,85,12,48,0,0,1,0,0,1
36,1,10,4,-0.9391735706570478,70,43,41,1,0,0,0,0,1
36,2,3,5,-0.1216194257477519,23,6,26,1,0,0,0,1,0
35,2,8,2,0.2505139629356013,4,22,26,1,0,0,0,0,1
46,2,0,2,0.9514687636375592,70,82,45,1,0,0,1,0,0
24,2,14,1,0.5817196584050867,7,31,94,1,0,0,0,0,1
26,4,10,4,1.2612547862084325,74,63,5,1,0,0,0,0,1
21,2,0,3,0.8260103411860746,55,56,45,0,1,0,1,0,0
38,3,15,3,-1.1127335820190043,14,73,33,1,0,0,0,0,1
40,2,11,1,1.1906203011448215,69,76,67,1,0,0,0,0,1
23,2,10,4,1.69138390606961,64,76,50,1,0,0,0,0,1
35,2,10,4,-1.1685026082259606,72,35,83,1,0,0,0,0,1
41,3,13,4,0.1383795562032713,33,89,91,0,0,1,0,0,1
47,1,4,4,1.5672894507474295,12,53,63,1,0,0,0,1,0
20,3,14,5,1.5414109031392675,78,40,57,1,0,0,0,0,1
20,2,1,4,1.115827338945564,13,42,20,1,0,0,1,0,0
44,3,3,4,-0.8747656929076767,14,82,54,1,0,0,0,1,0
45,2,12,4,0.42016098678611785,76,79,19,0,1,0,0,0,1
26,2,1,1,0.7226996576455013,61,48,11,1,0,0,1,0,0
32,2,13,1,-0.25160703940397994,76,36,88,1,0,0,0,0,1
40,2,5,1,-1.4201055219330136,61,63,33,0,1,0,0,1,0
28,2,14,1,-1.6475758649223693,61,74,82,1,0,0,0,0,1
26,2,13,4,0.4541849691580953,69,32,59,1,0,0,0,0,1
36,2,10,5,-0.11983564827127113,72,88,95,1,0,0,0,0,1
27,2,4,3,-1.2605288778323813,4,53,8,1,0,0,0,1,0
22,2,5,1,-1.0813879135681317,29,79,40,0,0,1,0,1,0
36,3,15,4,0.77188805735126,79,100,15,0,1,0,0,0,1
39,2,11,1,1.526725726304566,49,49,83,1,0,0,0,0,1
35,1,2,4,0.017332032349176355,66,3,95,0,1,0,0,1,0
49,2,6,5,-0.3985291433474164,9,6,3,0,1,0,0,0,1
45,2,1,5,0.030938627825198614,10,95,44,1,0,0,1,0,0
32,3,9,5,1.2374253777003346,59,39,72,0,1,0,0,0,1
35,3,2,1,1.5933274939623605,75,50,12,1,0,0,0,1,0
39,1,8,3,-1.2707048201106383,13,17,16,0,1,0,0,0,1
25,2,3,5,-1.582784916896061,92,67,23,0,1,0,0,1,0
32,2,13,3,-0.018646271539566613,13,34,98,1,0,0,0,0,1
22,2,9,5,-0.45701631500628637,32,67,64,1,0,0,0,0,1
37,2,2,1,-0.794677528318779,57,36,91,0,1,0,0,1,0
43,2,7,2,0.6220678927088025,28,55,9,1,0,0,0,0,1
42,3,15,2,1.6625437941893002,13,16,4,1,0,0,0,0,1
25,2,8,5,0.8903636845980464,44,88,95,1,0,0,0,0,1
23,1,4,3,-1.354786971973531,90,12,7,0,0,1,0,1,0
34,2,12,5,0.6043690867300432,22,0,66,1,0,0,0,0,1
29,2,0,2,-0.7058488679132371,77,56,20,0,1,0,1,0,0
22,2,10,4,-1.5363348873599016,95,61,0,1,0,0,0,0,1
23,2,15,2,1.4972681625413624,22,99,48,0,1,0,0,0,1
22,3,3,1,-0.7014493961692442,43,10,41,1,0,0,0,1,0
37,2,10,5,1.2583689250226167,65,45,5,0,0,1,0,0,1
36,2,14,5,-1.0059564012732243,86,17,29,1,0,0,0,0,1
31,2,13,3,-0.49360289409253255,44,87,7,1,0,0,0,0,1
31,3,7,2,1.7282243989880428,79,53,94,0,1,0,0,0,1
49,3,0,3,-1.4346227481868616,9,59,81,1,0,0,1,0,0
40,1,13,4,-0.8636550168577493,70,87,21,1,0,0,0,0,1
36,2,5,2,-0.3394388398465898,18,32,87,0,1,0,0,1,0
41,2,5,2,0.8130667138868047,80,8,83,1,0,0,0,1,0
28,2,13,1,-1.241451898626595,15,1,25,1,0,0,0,0,1
34,2,14,3,-0.29679340001138094,10,61,94,1,0,0,0,0,1
32,3,12,3,0.08443351794657612,3,29,44,0,1,0,0,0,1
45,3,6,3,0.004363090271226509,39,51,16,0,1,0,0,0,1
25,3,10,5,-0.08765621186446902,14,61,70,1,0,0,0,0,1
27,2,6,5,1.5988219380042135,74,68,28,0,1,0,0,0,1
25,1,3,3,1.2945167443061432,60,46,5,0,0,1,0,1,0
45,2,2,5,0.3172039320661448,92,16,94,0,0,1,0,1,0
24,1,12,3,0.6396832329852965,7,89,43,0,1,0,0,0,1
27,2,0,5,0.8534069810898579,99,29,5,0,1,0,1,0,0
33,2,0,2,-1.5108540459369186,83,59,70,1,0,0,1,0,0
24,3,3,5,1.5450470497380913,56,79,3,1,0,0,0,1,0
45,1,9,1,-0.09891920961233854,74,69,7,1,0,0,0,0,1
27,3,5,4,-1.2061067650652006,59,86,0,1,0,0,0,1,0
37,1,14,5,0.6231378604509279,81,88,14,1,0,0,0,0,1
41,3,12,2,-1.6950908406101692,59,5,54,0,0,1,0,0,1
25,2,5,3,-1.24073441785969,52,14,32,1,0,0,0,1,0
49,4,8,2,1.0780060193279537,46,78,80,0,0,1,0,0,1
45,4,0,1,1.2685085706197603,14,44,86,0,1,0,1,0,0
49,4,0,3,0.796265444776109,79,86,34,0,1,0,1,0,0
21,3,7,5,-1.456918721637434,18,73,23,0,1,0,0,0,1
36,2,7,1,0.11605941805066991,16,84,27,0,1,0,0,0,1
38,2,10,5,-1.666148409673952,88,32,34,1,0,0,0,0,1
46,4,2,4,-0.8008217435135585,10,74,42,1,0,0,0,1,0
43,4,9,4,-0.7130251722453137,57,13,52,0,1,0,0,0,1
44,2,5,5,-0.4369545371660251,14,21,52,0,0,1,0,1,0
47,3,11,2,1.5758076913644052,98,49,30,0,1,0,0,0,1
32,1,10,3,-0.13785275515239548,9,40,79,0,0,1,0,0,1
21,2,8,2,1.753191347297599,33,64,96,0,1,0,0,0,1
24,3,6,1,1.1982071694115717,48,88,96,0,1,0,0,0,1
38,2,1,1,0.7462102800665685,32,41,3,1,0,0,1,0,0
22,1,3,4,1.3935359219279282,3,53,87,1,0,0,0,1,0
25,1,10,1,-0.9392203074494948,33,1,52,0,1,0,0,0,1
27,2,4,4,-0.14159408293100972,8,41,18,0,0,1,0,1,0
28,2,3,3,-1.6049992472900612,13,2,92,1,0,0,0,1,0
20,1,3,1,0.7855048827017342,72,31,7,0,1,0,0,1,0
39,2,11,3,-0.7738539074727797,81,5,52,1,0,0,0,0,1
40,4,13,3,-1.039406460715542,6,3,92,0,0,1,0,0,1
38,2,10,3,-1.6365795404458272,51,70,5,1,0,0,0,0,1
29,1,15,3,-0.5151249905903229,29,10,28,1,0,0,0,0,1
40,4,15,1,0.045435603343729994,30,50,41,1,0,0,0,0,1
35,2,0,2,-0.9653607634395562,39,9,3,1,0,0,1,0,0
28,3,2,4,-0.11925283783356944,45,46,45,1,0,0,0,1,0
23,2,12,4,-1.4024529509789032,72,65,60,0,1,0,0,0,1
23,2,15,3,0.7498790131104611,13,2,20,1,0,0,0,0,1
41,3,13,3,-1.0396309529674435,20,8,80,1,0,0,0,0,1
37,1,14,2,1.691093566875553,46,50,88,0,1,0,0,0,1
24,4,6,4,0.8389783934482348,43,10,85,1,0,0,0,0,1
29,2,10,3,0.9156615650525151,14,96,20,0,1,0,0,0,1
45,3,2,1,0.5442044280790154,16,52,66,1,0,0,0,1,0
42,2,15,5,0.6080608919762611,68,51,30,1,0,0,0,0,1
29,4,15,1,-0.10241905259249423,50,80,79,1,0,0,0,0,1
34,3,7,2,0.48046682466704066,57,67,97,1,0,0,0,0,1
50,2,9,4,1.2745117873573704,87,53,56,1,0,0,0,0,1
44,2,15,2,-0.18530413954307398,72,43,85,1,0,0,0,0,1
27,1,5,5,1.3419194549661682,2,4,59,1,0,0,0,1,0
20,1,7,1,0.15326325071401137,29,91,72,0,0,1,0,0,1
21,3,8,2,1.461397046460756,73,62,33,0,0,1,0,0,1
27,2,15,2,0.9779286329034671,71,88,6,1,0,0,0,0,1
46,2,1,5,-0.0004381332002351841,97,91,47,0,0,1,1,0,0
33,2,11,3,-0.8316149050414595,53,31,83,0,0,1,0,0,1
33,4,14,1,0.5066026203739441,2,0,19,1,0,0,0,0,1
47,3,13,4,-0.9057098074802784,51,95,84,1,0,0,0,0,1
33,1,7,1,0.4288080303672194,81,33,41,1,0,0,0,0,1
31,1,0,5,-0.4250038421567861,32,32,49,1,0,0,1,0,0
40,4,5,3,-0.13651207254324005,100,89,7,0,1,0,0,1,0
25,3,6,2,0.569360129942794,10,3,41,0,1,0,0,0,1
32,2,14,2,-0.8758648364851837,64,7,78,0,1,0,0,0,1
48,3,1,2,-0.5797822715609054,36,68,51,1,0,0,1,0,0
22,2,3,1,-1.5808323661810983,78,15,7,0,1,0,0,1,0
45,4,1,1,-0.2535173799378088,15,96,32,0,1,0,1,0,0
31,2,7,3,1.1743936644020143,95,62,59,0,0,1,0,0,1
23,2,14,5,0.5461770455398521,89,2,99,1,0,0,0,0,1
20,2,5,1,0.9847267685201747,71,24,22,1,0,0,0,1,0
37,2,11,5,1.7342653474890553,29,55,69,1,0,0,0,0,1
39,1,2,2,-0.1638909745997064,12,81,18,0,1,0,0,1,0
34,2,12,3,0.5011138627356205,80,53,21,1,0,0,0,0,1
20,4,12,5,-1.4816779437033527,80,68,78,1,0,0,0,0,1
23,3,5,2,-0.21908121507022033,23,38,46,0,0,1,0,1,0
31,2,7,1,0.8137883135237752,35,54,14,0,0,1,0,0,1
35,2,9,5,0.3714359977194988,34,31,51,1,0,0,0,0,1
31,3,14,2,-0.7629255824129059,82,86,64,0,1,0,0,0,1
20,4,13,3,-0.16462327636417554,63,85,49,1,0,0,0,0,1
43,2,14,3,1.3606150264940553,10,80,43,0,1,0,0,0,1
45,1,5,1,-1.1002162406849811,95,50,14,0,0,1,0,1,0
34,4,5,2,-0.4580893958690153,20,88,24,1,0,0,0,1,0
44,2,2,3,1.540767436553844,8,66,54,1,0,0,0,1,0
39,1,11,2,-1.054044649805146,65,94,86,0,0,1,0,0,1
26,2,0,3,0.08114374871671831,48,78,91,0,1,0,1,0,0
44,3,15,2,-0.883818157109585,8,15,44,1,0,0,0,0,1
47,2,14,2,1.3031923750950947,20,98,51,0,0,1,0,0,1
36,2,11,4,-1.4840878145119425,48,69,93,0,0,1,0,0,1
45,4,9,2,-0.6675082813480132,60,25,4,0,0,1,0,0,1
22,2,0,4,-1.6590735339219753,59,59,81,1,0,0,1,0,0
41,2,14,4,1.1875922795728415,40,98,12,1,0,0,0,0,1
38,1,5,1,1.1101335759340663,18,59,41,1,0,0,0,1,0
47,3,12,3,0.902486406476297,73,29,20,1,0,0,0,0,1
25,3,7,3,-0.22802883764187742,79,39,32,1,0,0,0,0,1
21,3,7,1,0.30821619213366336,34,16,49,0,1,0,0,0,1
28,1,0,5,0.47460942974058423,6,8,5,0,0,1,1,0,0
41,1,12,1,1.22816500180278,43,12,58,1,0,0,0,0,1
47,3,15,4,-1.2909364568366795,25,79,77,1,0,0,0,0,1
47,2,0,2,-0.785256499870574,25,96,13,0,1,0,1,0,0
41,2,0,2,-0.4248757356448606,78,94,87,1,0,0,1,0,0
27,3,5,4,1.0880848153422347,99,50,71,0,1,0,0,1,0
23,1,4,1,1.614946519088576,12,91,49,1,0,0,0,1,0
22,3,14,5,-1.0223494618907167,3,54,32,1,0,0,0,0,1
49,2,5,1,-1.3074854862278216,9,87,69,0,1,0,0,1,0
25,1,3,5,-1.0170257544122487,32,71,99,0,0,1,0,1,0
20,1,14,2,-0.3808004451096616,83,32,44,0,1,0,0,0,1
32,3,14,4,-0.37813655467669605,42,25,36,1,0,0,0,0,1
29,3,3,3,1.471256709858784,93,15,50,1,0,0,0,1,0
33,2,14,4,1.5331056278755062,55,37,25,1,0,0,0,0,1
20,2,14,5,1.3725585094127755,59,25,59,0,0,1,0,0,1
27,1,11,2,-0.45832998312546464,91,67,25,0,0,1,0,0,1
28,4,5,5,-0.7068341818216778,70,15,58,1,0,0,0,1,0
42,3,4,1,1.7166663959737303,24,11,4,1,0,0,0,1,0
34,3,3,2,0.19061860771845002,55,3,81,0,0,1,0,1,0
23,3,1,2,-1.539865232699416,54,56,41,1,0,0,1,0,0
48,1,4,3,-0.5391840459388595,87,88,3,1,0,0,0,1,0
39,3,12,5,-0.5807518276277917,2,4,3,1,0,0,0,0,1
46,4,3,4,-0.9056806396905032,72,30,99,1,0,0,0,1,0
36,4,2,5,-0.8919305502673937,99,24,90,1,0,0,0,1,0
21,2,15,4,0.2666268323807308,12,47,12,0,1,0,0,0,1
42,1,9,4,0.42627752513155037,83,60,85,0,1,0,0,0,1
33,4,4,3,0.901547696415383,26,22,55,1,0,0,0,1,0
21,1,14,4,-1.25564474597757,42,100,36,0,1,0,0,0,1
37,3,0,4,0.13580725177526193,94,92,18,0,0,1,1,0,0
22,3,7,2,-0.7821452962405466,84,1,28,0,0,1,0,0,1
28,2,9,4,-1.3035916778344294,25,28,81,0,0,1,0,0,1
26,1,11,4,1.139898525382845,40,0,37,1,0,0,0,0,1
42,2,11,3,-0.4123928900417183,62,15,96,1,0,0,0,0,1
47,3,1,2,-0.6432270627617658,38,88,86,1,0,0,1,0,0
45,4,10,4,0.2136384048419234,49,69,96,0,1,0,0,0,1
29,1,12,1,1.109840041637509,22,96,100,1,0,0,0,0,1
32,4,15,3,0.7455609741059905,41,47,53,1,0,0,0,0,1
31,1,9,2,-0.15716533786082734,31,82,2,0,1,0,0,0,1
27,2,4,1,0.49481513627242674,86,77,37,0,1,0,0,1,0
29,2,5,4,0.9811934150065859,30,73,2,1,0,0,0,1,0
22,2,9,3,-0.14508214983643208,77,96,19,1,0,0,0,0,1
43,2,8,3,1.5634906327329074,47,2,15,0,1,0,0,0,1
26,3,9,3,1.6408023610195006,74,96,63,0,0,1,0,0,1
46,3,7,4,-0.9900466063518373,92,1,92,0,1,0,0,0,1
37,2,13,5,-0.12848241251483644,69,89,41,1,0,0,0,0,1
38,3,14,4,-0.02949889254749122,23,9,96,1,0,0,0,0,1
48,2,10,1,-1.216613695066348,25,85,82,0,0,1,0,0,1
30,4,1,4,-0.11592758585050493,4,29,50,1,0,0,1,0,0
22,2,11,5,1.2438034607174582,4,0,18,1,0,0,0,0,1
37,2,3,4,-0.7726363104037913,64,30,53,1,0,0,0,1,0
39,2,3,2,-0.6095723535182649,65,54,46,0,1,0,0,1,0
37,2,1,4,-1.1173515047041127,77,62,18,1,0,0,1,0,0
38,3,14,4,-0.9670136469842704,16,45,72,0,0,1,0,0,1
37,4,10,5,-0.5204939919407894,65,30,48,0,0,1,0,0,1
24,2,0,2,0.673570444608516,19,17,4,1,0,0,1,0,0
48,2,5,3,1.3795095970260358,75,73,75,0,0,1,0,1,0
42,2,6,3,0.6289353873187647,23,71,68,0,0,1,0,0,1
30,4,7,3,0.8351164582289597,85,39,74,1,0,0,0,0,1
46,1,7,3,0.512511188731067,45,94,53,0,1,0,0,0,1
20,3,2,3,0.4609609295385873,23,8,5,0,1,0,0,1,0
32,2,8,5,-1.133276549660241,99,33,6,0,1,0,0,0,1
34,2,0,3,0.2538474177172727,60,2,66,1,0,0,1,0,0
44,2,10,1,-1.2413908416962711,38,95,59,0,1,0,0,0,1
38,4,9,4,-0.4518010345094002,85,81,2,1,0,0,0,0,1
44,3,13,3,-1.6858056322891712,92,25,63,0,0,1,0,0,1
50,2,8,4,-0.30851025208803456,97,38,14,0,0,1,0,0,1
29,3,10,4,0.7444300738138709,1,86,6,0,1,0,0,0,1
48,2,9,2,1.673757813351253,52,42,82,1,0,0,0,0,1
34,2,2,5,-0.5051076491036356,35,68,87,1,0,0,0,1,0
46,3,3,2,-0.03439986108211525,61,21,76,0,1,0,0,1,0
31,2,10,4,-0.09761043622074764,19,21,96,0,1,0,0,0,1
37,2,15,1,-1.531375673552271,77,94,12,1,0,0,0,0,1
45,1,7,1,-1.2678135807592126,85,62,43,1,0,0,0,0,1
21,2,9,4,0.4346321223028496,86,39,47,0,0,1,0,0,1
20,3,4,1,-1.0937543778934908,97,69,54,1,0,0,0,1,0
24,4,9,5,-0.653552370574952,81,82,9,0,1,0,0,0,1
47,1,0,4,0.05247871749606337,62,78,5,1,0,0,1,0,0
47,2,7,2,-0.9873069877759508,91,12,86,0,0,1,0,0,1
31,1,13,3,1.191019118165376,12,66,17,1,0,0,0,0,1
28,2,7,2,-0.9657301961923948,66,50,68,1,0,0,0,0,1
36,2,4,1,-1.6483519600431746,79,64,31,0,1,0,0,1,0
45,2,8,4,-0.3610787238152866,25,43,37,1,0,0,0,0,1
50,1,13,5,0.1695647455770352,74,42,22,1,0,0,0,0,1
25,2,5,2,0.7113543332863476,60,28,10,0,1,0,0,1,0
35,2,8,1,1.2203571582015706,72,85,8,1,0,0,0,0,1
36,2,8,4,0.18908444913951522,98,59,16,0,0,1,0,0,1
41,3,10,5,0.5240614146073485,25,25,77,1,0,0,0,0,1
49,1,12,2,0.3766036104628172,59,2,94,0,0,1,0,0,1
43,3,1,2,1.0530483705527967,71,11,73,1,0,0,1,0,0
43,1,14,2,0.18251593099296043,57,16,44,1,0,0,0,0,1
27,3,4,3,-0.9309624768321718,47,55,35,1,0,0,0,1,0
39,2,10,2,1.311942013747879,79,30,74,1,0,0,0,0,1
23,2,12,5,-0.8240809739443025,27,76,3,1,0,0,0,0,1
43,1,14,5,-1.5974337211237744,97,72,40,0,1,0,0,0,1
34,2,14,5,-1.5610504211561913,67,38,86,0,1,0,0,0,1
24,2,5,5,-0.656621303445016,18,20,4,1,0,0,0,1,0
30,2,10,3,1.2914732565762514,57,10,41,1,0,0,0,0,1
49,2,0,1,0.6744302498654865,57,35,11,1,0,0,1,0,0
22,1,10,4,0.7428044348039666,3,72,71,1,0,0,0,0,1
49,4,6,3,-1.661420267816648,12,59,82,1,0,0,0,0,1
22,4,4,2,1.7073723314678002,39,18,21,1,0,0,0,1,0
43,2,14,1,1.026682832752689,34,63,10,1,0,0,0,0,1
23,2,14,5,-1.1366761259861704,35,68,47,1,0,0,0,0,1
47,4,12,1,-1.3400060771834847,25,30,59,0,0,1,0,0,1
26,1,0,5,0.7633033873331878,1,99,72,1,0,0,1,0,0
30,3,0,4,-1.3386784371025335,60,100,76,0,1,0,1,0,0
45,2,5,5,-1.4629017920863605,23,90,42,0,1,0,0,1,0
45,2,4,2,1.5727311948037168,29,99,84,0,1,0,0,1,0
26,2,6,5,0.050043582410607974,100,18,28,0,1,0,0,0,1
27,1,0,5,-1.3027517700175204,70,36,80,0,1,0,1,0,0
31,1,5,2,-0.3131261729841925,10,32,67,0,1,0,0,1,0
32,2,0,3,1.389836867372265,23,46,45,1,0,0,1,0,0
49,2,6,3,1.334391186162341,39,92,88,1,0,0,0,0,1
40,2,10,1,-1.26255923711553,67,24,70,0,0,1,0,0,1
47,2,14,4,-0.17933644067158996,43,21,58,0,1,0,0,0,1
24,4,7,2,0.07254208234489458,84,4,23,0,1,0,0,0,1
44,2,1,2,1.0366052619391461,30,90,91,1,0,0,1,0,0
24,1,2,2,-0.6447988053215071,30,53,62,1,0,0,0,1,0
30,2,5,1,1.1519924911195638,26,77,18,0,1,0,0,1,0
34,3,14,2,-0.7406212247305739,50,67,17,0,1,0,0,0,1
38,2,13,5,-0.9516587870159305,72,20,49,1,0,0,0,0,1
48,4,12,4,-1.2715869445145795,83,51,96,0,0,1,0,0,1
34,2,7,2,-0.1623874124265466,75,24,70,0,0,1,0,0,1
44,3,7,5,1.5233418421414264,15,40,96,0,1,0,0,0,1
36,4,6,1,-1.392825962213754,61,4,89,1,0,0,0,0,1
23,2,5,5,0.6247630681761396,2,94,98,0,0,1,0,1,0
32,2,2,5,1.2621596584083072,79,44,4,0,0,1,0,1,0
22,2,11,3,1.3005771752040363,85,74,42,1,0,0,0,0,1
45,4,8,3,0.07278634107874074,57,7,53,0,1,0,0,0,1
20,2,6,5,1.1941970315463146,84,81,92,0,0,1,0,0,1
29,1,13,3,-0.8596288187203174,81,76,55,0,1,0,0,0,1
32,3,5,5,0.006089716365134401,72,51,80,1,0,0,0,1,0
49,2,3,2,-0.3043235660918232,24,62,83,0,0,1,0,1,0
35,2,2,2,-0.7798480653310891,56,96,18,1,0,0,0,1,0
38,1,7,2,-1.227696483410594,80,51,55,0,1,0,0,0,1
35,2,6,2,0.09690148079449157,10,71,10,1,0,0,0,0,1
40,1,2,1,0.8901259729296712,30,82,63,1,0,0,0,1,0
34,1,0,1,1.0107114321894375,6,93,69,0,1,0,1,0,0
21,1,15,3,1.2226232725090125,17,9,25,1,0,0,0,0,1
32,1,12,3,0.46543170716085297,40,18,49,1,0,0,0,0,1
22,2,15,3,1.2357578509377651,37,9,9,1,0,0,0,0,1
50,1,15,4,-0.36311345523998095,18,36,35,1,0,0,0,0,1
43,3,10,4,-0.08717273891736069,42,15,33,0,1,0,0,0,1
42,3,5,3,-0.21103495934165534,97,37,19,1,0,0,0,1,0
42,3,5,5,1.2424731130515165,70,73,56,1,0,0,0,1,0
35,1,15,4,0.5608203401682151,76,5,11,0,1,0,0,0,1
21,3,2,4,-0.40252528672023263,67,64,35,1,0,0,0,1,0
20,2,6,3,-1.6519798156948589,19,12,92,1,0,0,0,0,1
42,2,12,1,-0.3906572818459247,58,79,100,1,0,0,0,0,1
28,2,15,4,1.2343026980964895,62,75,86,0,0,1,0,0,1
47,2,3,2,-0.029900972429093488,10,34,57,0,1,0,0,1,0
39,2,6,4,-0.7439690204529226,1,78,29,0,1,0,0,0,1
27,2,8,4,0.6141185138751701,76,72,26,1,0,0,0,0,1
36,2,11,1,1.425969553984981,24,90,39,0,0,1,0,0,1
23,2,8,2,-1.321650105153515,45,98,93,0,1,0,0,0,1
38,2,11,5,-0.05795786708287515,70,51,30,0,1,0,0,0,1
39,1,9,1,-0.4651275055002643,31,8,83,0,0,1,0,0,1
49,3,7,3,0.19565224013698548,99,37,2,1,0,0,0,0,1
32,2,6,4,0.7075161555756275,71,65,97,0,1,0,0,0,1
42,2,2,4,-0.15928660735780723,58,94,33,0,1,0,0,1,0
42,3,13,3,-0.7817179374634458,55,85,82,0,1,0,0,0,1
49,3,12,4,-0.14854910483143044,29,34,48,0,1,0,0,0,1
43,1,4,2,1.2327903433261262,19,62,14,1,0,0,0,1,0
42,2,12,4,1.1238297889112177,58,34,18,0,1,0,0,0,1
42,2,12,5,0.3154983269047518,75,41,91,1,0,0,0,0,1
32,2,7,4,0.4458385485415834,16,27,11,1,0,0,0,0,1
21,2,7,4,0.08944777379708903,91,0,38,0,0,1,0,0,1
47,3,6,3,0.8871957970557818,99,53,2,0,1,0,0,0,1
46,1,6,2,1.4210405146330791,32,60,100,1,0,0,0,0,1
27,3,15,4,-0.06915567980467775,55,90,2,0,1,0,0,0,1
41,2,2,5,0.10473587518747043,8,29,76,1,0,0,0,1,0
40,1,0,1,-1.3861792734259062,14,76,86,0,1,0,1,0,0
47,2,9,2,0.174183067137867,75,26,92,1,0,0,0,0,1
40,3,5,1,1.5141176921167658,68,40,54,1,0,0,0,1,0
42,1,0,2,-1.3787581526352908,57,50,67,0,1,0,1,0,0
50,1,13,5,-1.4128025899912202,78,7,32,1,0,0,0,0,1
34,2,1,2,-1.3751326531759036,79,43,56,0,1,0,1,0,0
29,2,3,4,-0.395117315801416,96,94,39,0,1,0,0,1,0
21,2,6,5,1.271996631031133,36,0,58,1,0,0,0,0,1
50,2,6,1,1.4720445529702153,96,79,8,0,1,0,0,0,1
31,2,14,1,-0.8261749711832715,7,50,71,1,0,0,0,0,1
36,2,14,2,-0.5207508960152412,73,64,57,1,0,0,0,0,1
26,2,11,3,-1.0386481457100787,45,81,39,0,1,0,0,0,1
50,2,13,3,0.7805582350062028,2,85,3,0,0,1,0,0,1
24,1,1,2,-1.4750417834787954,31,91,58,0,1,0,1,0,0
38,4,1,3,-1.1008935536770577,28,14,74,1,0,0,1,0,0
39,2,8,2,1.339047448553845,67,47,90,1,0,0,0,0,1
31,3,3,2,1.5074714762828192,43,40,33,1,0,0,0,1,0
34,2,15,4,-0.7093071552688036,97,55,92,0,0,1,0,0,1
29,2,11,1,1.2798512984996127,83,76,54,0,1,0,0,0,1
41,3,15,5,1.1377884856957003,7,71,91,1,0,0,0,0,1
23,3,15,5,0.9609538614651234,32,96,75,0,0,1,0,0,1
26,2,8,5,-1.2715927472346482,7,89,85,1,0,0,0,0,1
41,2,9,2,0.4831065916560585,39,100,91,1,0,0,0,0,1
43,2,11,2,-0.7278737154618954,44,18,62,0,1,0,0,0,1
24,2,0,4,0.7267840525627679,68,13,90,1,0,0,1,0,0
45,1,0,3,-1.5428466398673841,94,0,13,1,0,0,1,0,0
40,1,13,5,1.3018015411556711,85,60,61,1,0,0,0,0,1
23,3,1,5,-0.909145193620976,95,3,50,1,0,0,1,0,0
25,2,2,3,-0.9746396842438837,72,62,9,0,0,1,0,1,0
25,2,14,4,1.7002166956798008,90,79,90,1,0,0,0,0,1
37,3,11,3,-0.718177676824105,35,59,91,0,1,0,0,0,1
49,3,15,4,0.7727756749364819,17,95,89,1,0,0,0,0,1
48,2,9,3,0.3124112730512894,36,91,25,1,0,0,0,0,1
24,3,4,4,-1.3437398697460405,47,99,2,0,1,0,0,1,0
49,1,9,5,-1.1545544476012886,37,44,46,1,0,0,0,0,1
49,1,14,4,1.1974833493699828,28,62,15,0,0,1,0,0,1
30,2,13,1,-0.27514028774695864,23,22,49,1,0,0,0,0,1
34,2,6,1,0.573283659067814,13,32,88,0,0,1,0,0,1
26,2,5,1,-0.19691398194862472,64,38,60,0,1,0,0,1,0
49,3,2,1,-1.2826566909780144,67,100,99,0,0,1,0,1,0
49,2,11,5,-0.3745252456018199,11,70,8,1,0,0,0,0,1
20,4,5,5,-0.8109579697559384,69,61,84,0,1,0,0,1,0
37,2,7,3,-1.0873228134158992,43,82,24,1,0,0,0,0,1
32,2,10,1,-0.06275685713023722,91,86,8,1,0,0,0,0,1
34,2,11,5,-0.8786497754770882,63,40,26,1,0,0,0,0,1
30,1,6,1,1.210307103117561,23,52,85,1,0,0,0,0,1
46,2,7,1,0.9454643868398298,9,62,33,1,0,0,0,0,1
24,2,0,5,0.712992491765818,18,98,62,0,1,0,1,0,0
41,3,1,2,-1.3181612422054771,83,8,42,0,1,0,1,0,0
23,1,2,5,-0.6115812400844333,23,7,50,0,0,1,0,1,0
33,2,14,5,0.6006393921327349,1,61,9,0,0,1,0,0,1
40,3,5,1,-0.3348447150896005,92,2,59,1,0,0,0,1,0
41,4,8,5,-1.268241833624888,57,31,78,0,1,0,0,0,1
21,1,12,3,-1.3350589828691468,77,2,99,1,0,0,0,0,1
37,1,3,4,-1.583641055118346,56,16,77,1,0,0,0,1,0
31,2,2,5,-0.7781647805006379,87,47,69,1,0,0,0,1,0
46,1,14,2,1.5344938058391984,76,40,67,1,0,0,0,0,1
28,1,9,1,0.25701126462470536,56,58,46,1,0,0,0,0,1
41,1,11,1,-0.8348432871030175,50,15,56,0,1,0,0,0,1
20,3,10,5,0.8784828142337605,85,20,92,0,0,1,0,0,1
39,3,13,1,-0.9312271379528368,97,61,48,1,0,0,0,0,1
38,2,2,1,-0.01731867660539446,15,25,92,1,0,0,0,1,0
33,2,2,3,-0.27149212399467004,84,81,47,1,0,0,0,1,0
26,3,15,3,0.28490576174811827,76,72,87,0,1,0,0,0,1
32,3,2,1,0.02703391220926661,74,9,31,1,0,0,0,1,0
39,2,1,2,-1.2747839116322504,16,22,36,1,0,0,1,0,0
48,1,6,4,-0.46199146341240005,38,94,37,0,1,0,0,0,1
32,3,6,5,-1.4235992297694369,85,69,11,1,0,0,0,0,1
23,2,11,2,-0.17807448928744518,40,38,5,0,0,1,0,0,1
22,2,13,3,-0.14565965688425953,17,79,28,1,0,0,0,0,1
35,3,1,5,1.513128429414462,9,8,21,0,1,0,1,0,0
47,2,12,4,1.5177948310154454,53,63,4,1,0,0,0,0,1
22,1,9,3,-1.2906416307999573,62,57,26,1,0,0,0,0,1
39,2,4,5,1.0263513772919224,93,61,19,1,0,0,0,1,0
31,2,4,1,-1.3519604847491382,74,13,43,1,0,0,0,1,0
45,2,11,5,-0.836687707716362,98,12,99,0,1,0,0,0,1
31,1,6,2,-0.03142278049965798,9,60,67,0,0,1,0,0,1
25,4,6,3,0.9347450841341247,16,38,98,1,0,0,0,0,1
22,2,8,4,-1.2722551656733287,27,76,17,1,0,0,0,0,1
37,3,10,1,-1.2694597123707192,32,65,79,1,0,0,0,0,1
34,4,11,3,-0.7855861080976287,75,65,85,1,0,0,0,0,1
36,2,12,1,-0.7513009111667729,15,26,99,1,0,0,0,0,1
31,2,6,5,-0.5231999925622267,14,96,29,1,0,0,0,0,1
39,4,4,2,0.05441211541376663,69,32,75,1,0,0,0,1,0
30,3,0,5,-1.0036227823767623,48,99,12,1,0,0,1,0,0
26,2,5,2,-1.3720951486976218,63,79,93,0,1,0,0,1,0
41,3,8,5,1.7008093483862217,76,49,30,0,1,0,0,0,1
45,4,14,2,0.7852759232628445,90,61,53,1,0,0,0,0,1
50,2,7,4,-1.2819982331802233,63,73,6,0,0,1,0,0,1
50,2,1,2,-0.5083327114028594,22,2,7,1,0,0,1,0,0
48,2,15,1,0.6207108449594626,53,15,24,0,1,0,0,0,1
43,3,9,2,0.976695838235703,20,63,65,0,0,1,0,0,1
24,3,9,3,1.0269362728353508,20,54,29,1,0,0,0,0,1
27,1,2,2,-0.7706958226484868,76,62,77,0,1,0,0,1,0
27,4,1,5,0.856649465715321,11,34,41,0,1,0,1,0,0
47,2,3,1,-1.3718129115186024,38,91,47,1,0,0,0,1,0
20,1,13,3,-0.21575948500555872,15,83,37,1,0,0,0,0,1
44,1,13,1,-1.1912059534832156,64,87,0,1,0,0,0,0,1
20,3,13,4,1.5772913956910046,22,33,20,0,0,1,0,0,1
34,2,1,1,-1.0560268243518056,87,8,100,0,1,0,1,0,0
23,2,3,5,-1.0281279129848786,67,58,95,0,1,0,0,1,0
41,1,7,2,0.7234583833817235,75,100,16,0,0,1,0,0,1
26,1,8,4,0.7921597502546656,48,32,75,1,0,0,0,0,1
32,3,13,1,-0.2665705549445568,90,0,77,1,0,0,0,0,1
45,1,2,2,-0.6409330193602113,41,85,35,1,0,0,0,1,0
22,1,3,1,-1.672284588402297,86,74,85,1,0,0,0,1,0
42,2,6,4,-1.6353728210702323,76,15,79,0,1,0,0,0,1
34,2,12,3,-0.1184939149979984,22,65,100,1,0,0,0,0,1
36,1,9,5,-0.4474477302455768,75,100,73,1,0,0,0,0,1
34,1,4,2,-1.3863911432110765,57,9,16,0,1,0,0,1,0
26,1,15,3,0.003674133741755939,12,79,96,1,0,0,0,0,1
22,2,4,5,-0.6719826182398144,68,84,43,1,0,0,0,1,0
35,3,8,3,0.8088910501663,82,76,43,1,0,0,0,0,1
47,3,10,3,0.5267085282285305,60,45,45,0,0,1,0,0,1
26,2,12,1,1.220214007434797,4,11,93,1,0,0,0,0,1
39,2,6,5,-0.8142387788190352,9,17,76,1,0,0,0,0,1
23,1,7,5,1.1603861560031563,72,0,97,1,0,0,0,0,1
42,3,4,1,0.3886515462939883,94,5,53,0,0,1,0,1,0
45,1,5,1,-0.7785612491049834,93,32,85,1,0,0,0,1,0
42,3,9,2,1.3867462890472237,13,16,72,1,0,0,0,0,1
22,3,10,3,0.9974528131323485,49,36,23,1,0,0,0,0,1
24,3,6,3,1.5296305642719359,91,67,26,0,1,0,0,0,1
38,2,7,5,-0.028948383523531837,2,51,35,1,0,0,0,0,1
46,1,6,1,0.8641025845676509,80,31,85,0,0,1,0,0,1
40,2,13,1,0.3142581242075645,36,79,78,0,0,1,0,0,1
36,2,6,4,-1.4421689691015473,87,81,6,0,1,0,0,0,1
44,2,10,2,-0.2715850557149591,82,25,86,1,0,0,0,0,1
47,2,2,2,1.4946565596128407,35,36,80,0,1,0,0,1,0
25,2,9,4,1.509486917665629,82,82,44,1,0,0,0,0,1
38,3,0,3,-0.3850985681321267,69,64,56,0,1,0,1,0,0
34,3,8,1,-1.5310959046237784,52,47,78,0,0,1,0,0,1
39,1,8,4,0.5933232466470711,12,30,10,0,0,1,0,0,1
36,3,9,5,1.1046832023042805,92,32,63,1,0,0,0,0,1
23,2,15,5,-0.23326725358510986,15,98,29,0,0,1,0,0,1
27,1,11,5,-0.3705157247225337,56,97,49,1,0,0,0,0,1
43,2,0,5,0.7761849265439357,0,94,66,0,1,0,1,0,0
20,4,8,1,0.5956790769127739,32,64,47,1,0,0,0,0,1
46,2,3,2,1.2444223497613671,99,15,71,1,0,0,0,1,0
37,2,12,5,0.44625435467188257,36,77,81,0,0,1,0,0,1
22,2,11,1,-1.036103420463201,35,41,34,1,0,0,0,0,1
34,2,5,2,1.3054662405011346,3,43,36,1,0,0,0,1,0
49,2,7,4,0.8851451910683682,8,12,68,1,0,0,0,0,1
33,3,7,5,0.6928466894107019,38,16,28,0,0,1,0,0,1
48,3,5,1,-1.1028473419930325,70,88,98,1,0,0,0,1,0
28,2,13,3,0.027921534518530824,46,63,17,0,1,0,0,0,1
34,3,4,3,-0.00487172553491723,81,20,100,0,1,0,0,1,0
40,3,2,5,-1.412209035570184,19,92,76,0,1,0,0,1,0
31,2,10,1,-0.3107872578572006,26,2,46,1,0,0,0,0,1
24,4,0,4,-0.29153802921223104,95,73,19,1,0,0,1,0,0
48,2,3,1,0.7984991438062714,92,94,46,1,0,0,0,1,0
37,3,2,4,-1.2058417195326085,53,5,5,0,1,0,0,1,0
21,2,4,5,-0.10439407622736885,64,41,16,1,0,0,0,1,0
47,1,11,3,-0.4860021228326937,67,25,15,0,0,1,0,0,1
47,2,3,5,-1.074360214691627,98,85,85,1,0,0,0,1,0
29,1,8,3,0.15608205198096034,21,86,94,0,1,0,0,0,1
30,2,6,5,0.48394463118668735,51,18,95,0,1,0,0,0,1
30,1,2,5,-0.14857120342243074,80,74,82,1,0,0,0,1,0
30,2,9,5,0.331755698145486,53,68,4,0,1,0,0,0,1
21,2,5,3,-0.5189804051928681,49,93,2,1,0,0,0,1,0
49,3,9,1,-0.8347850187666342,30,95,52,1,0,0,0,0,1
49,2,7,3,0.33258458672496416,89,70,71,0,0,1,0,0,1
31,1,2,2,-0.4573871747603348,14,39,68,1,0,0,0,1,0
44,4,8,2,0.7166133993636381,14,21,20,0,1,0,0,0,1
39,2,11,1,-0.2917047931614236,36,37,62,0,1,0,0,0,1
24,1,14,4,-1.1471323481991043,81,89,44,1,0,0,0,0,1
33,1,11,2,-1.2480741639701247,32,15,59,1,0,0,0,0,1
27,1,15,3,-0.21180500286322634,46,84,32,0,0,1,0,0,1
32,3,5,1,1.5992752982200518,50,81,32,0,0,1,0,1,0
23,1,13,2,-0.9821874853875788,76,57,63,1,0,0,0,0,1
32,2,15,4,0.004583303434926607,24,95,47,1,0,0,0,0,1
26,3,6,5,0.21888864085957924,80,78,51,0,1,0,0,0,1
35,3,12,2,0.3207031995554781,100,88,56,0,1,0,0,0,1
33,2,2,2,-0.26906676039568056,75,73,61,1,0,0,0,1,0
20,2,11,3,0.3188526630199131,95,47,64,0,1,0,0,0,1
35,2,4,3,-0.029986533594588208,47,96,33,0,1,0,0,1,0
28,4,9,4,0.7788015959904869,37,91,72,0,1,0,0,0,1
44,1,7,2,-1.7000596475092924,10,26,7,1,0,0,0,0,1
47,4,6,1,-1.6275827155159623,16,53,61,0,1,0,0,0,1
39,3,1,5,0.29748377674291665,35,93,86,1,0,0,1,0,0
33,3,2,1,1.3671259553216566,56,90,100,0,0,1,0,1,0
24,3,2,2,-0.48527688474221753,84,86,35,0,0,1,0,1,0
30,2,8,4,1.0445301924856507,51,97,16,0,1,0,0,0,1
23,3,15,3,0.16944558333633705,48,51,25,1,0,0,0,0,1
46,2,1,5,-0.22608961258401147,1,8,48,1,0,0,1,0,0
46,2,4,2,1.0717048214223903,73,44,86,1,0,0,0,1,0
33,1,0,1,-0.20750466376598967,64,52,14,1,0,0,1,0,0
36,1,15,4,-1.047337488667118,98,26,76,0,0,1,0,0,1
41,1,7,1,0.16555599115043484,54,58,37,1,0,0,0,0,1
24,2,12,5,1.6188685794940456,65,30,79,1,0,0,0,0,1
41,4,12,3,0.8650583576839511,75,85,97,1,0,0,0,0,1
40,2,0,3,-0.6426236199219553,78,24,36,0,1,0,1,0,0
50,2,15,2,1.1203196544589313,64,50,79,1,0,0,0,0,1
43,2,4,4,1.7541833617586584,30,92,11,1,0,0,0,1,0
45,2,13,1,-1.489305950848829,26,69,49,0,1,0,0,0,1
27,3,1,2,1.2409031942681286,96,71,96,1,0,0,1,0,0
37,3,14,3,-0.35784740510946494,47,9,0,1,0,0,0,0,1
47,2,4,5,1.7494830177880283,67,9,29,1,0,0,0,1,0
33,2,11,3,1.4754159974502943,64,43,14,0,0,1,0,0,1
45,4,1,5,0.6821341972392784,33,97,45,1,0,0,1,0,0
40,1,4,5,-1.2207225158273622,100,82,18,1,0,0,0,1,0
33,1,13,1,0.4923642781257937,73,83,35,0,1,0,0,0,1
48,2,5,2,-0.07228491405162275,55,60,84,0,1,0,0,1,0
45,1,7,2,0.254326500772224,28,16,73,1,0,0,0,0,1
20,3,11,1,-0.5159871314864957,99,20,68,1,0,0,0,0,1
30,2,1,4,0.7011636962418747,2,89,57,1,0,0,1,0,0
36,2,3,3,-1.0681606955153224,80,76,40,0,0,1,0,1,0
21,2,10,5,1.551962852530356,16,9,28,0,0,1,0,0,1
50,1,9,3,-0.958395806622918,5,92,60,1,0,0,0,0,1
48,1,12,2,-1.601743751548316,19,2,88,0,0,1,0,0,1
36,4,3,5,0.7719465233135997,19,58,19,0,1,0,0,1,0
49,2,15,4,0.7381657003323602,13,39,43,1,0,0,0,0,1
27,3,3,2,1.4784863282332128,52,16,22,0,0,1,0,1,0
44,3,9,4,1.4999068455851388,87,84,14,1,0,0,0,0,1
43,1,12,2,0.6674584409340022,76,55,43,1,0,0,0,0,1
21,4,12,4,-1.6982596275012876,1,24,22,1,0,0,0,0,1
23,2,13,3,-0.8877168597705598,87,93,0,0,0,1,0,0,1
29,2,11,4,0.31138623515693337,70,40,62,1,0,0,0,0,1
32,1,1,4,0.8928421182504757,66,9,61,0,1,0,1,0,0
37,4,3,1,1.3618695504399638,1,54,68,0,1,0,0,1,0
22,1,6,4,1.051805900916485,42,18,9,1,0,0,0,0,1
40,2,13,1,-1.6076219462043813,40,69,67,1,0,0,0,0,1
20,2,4,2,-0.5335255265764759,60,3,19,0,0,1,0,1,0
34,2,5,5,-1.0299723820397502,67,17,66,1,0,0,0,1,0
26,2,7,5,-1.1050587952607238,84,79,11,1,0,0,0,0,1
29,2,0,5,-0.7548845336719753,10,3,5,0,1,0,1,0,0
49,3,7,4,-0.31502496735751256,9,98,84,1,0,0,0,0,1
39,4,12,3,0.017417443587129895,35,68,80,1,0,0,0,0,1
47,3,7,4,1.358015505735133,16,70,99,1,0,0,0,0,1
20,2,15,3,0.2826467404259061,26,15,19,1,0,0,0,0,1
20,2,9,4,-1.346684468138279,29,71,47,1,0,0,0,0,1
45,2,2,2,0.7270621193549778,62,65,14,1,0,0,0,1,0
25,2,4,1,1.3712783692026553,49,34,70,0,0,1,0,1,0
49,3,0,1,-0.16526909589935992,68,92,61,0,0,1,1,0,0
20,2,1,2,-0.27011325784246915,73,70,11,0,1,0,1,0,0
46,4,2,5,1.709737481150275,40,94,70,0,1,0,0,1,0
41,3,13,4,0.6044718859960961,0,51,76,0,1,0,0,0,1
41,4,13,5,0.22352876178832373,35,83,59,1,0,0,0,0,1
23,3,9,2,0.9236567116715917,57,98,93,1,0,0,0,0,1
28,4,3,1,1.0674307873922773,90,15,10,0,1,0,0,1,0
21,2,4,1,1.3824548590422743,31,6,98,1,0,0,0,1,0
45,2,8,1,-0.17255228294413721,10,6,12,1,0,0,0,0,1
35,1,6,5,-0.016646581773999292,36,75,41,0,0,1,0,0,1
45,4,1,1,1.7506636207617412,16,30,58,0,1,0,1,0,0
21,2,11,4,1.1789238478090172,67,39,26,0,1,0,0,0,1
25,3,11,4,0.9784590137847813,56,58,2,0,0,1,0,0,1
33,2,11,5,0.6230908499370437,14,10,94,0,0,1,0,0,1
22,1,3,1,-0.8231317636241318,71,68,47,0,1,0,0,1,0
24,1,13,4,0.39273200060903607,53,68,29,1,0,0,0,0,1
21,4,2,3,-1.641371635360146,72,12,26,1,0,0,0,1,0
29,1,1,1,-0.9379318592705665,85,89,72,1,0,0,1,0,0
39,2,9,4,0.37492753207662755,89,79,66,1,0,0,0,0,1
23,2,10,3,-1.6661466304185,68,33,39,0,1,0,0,0,1
49,2,10,2,0.30867600744797047,29,19,17,0,1,0,0,0,1
22,2,14,4,1.083665701057338,87,72,27,0,1,0,0,0,1
24,2,7,3,0.11493447479581137,37,96,46,1,0,0,0,0,1
20,4,15,2,0.5217824986239248,84,67,77,1,0,0,0,0,1
29,2,2,4,1.4085345613334763,14,79,71,1,0,0,0,1,0
36,3,12,5,-1.5884536412296375,13,2,31,1,0,0,0,0,1
22,2,13,4,-1.6277713552088693,72,21,59,1,0,0,0,0,1
29,1,2,3,-1.0489209835196032,25,72,8,1,0,0,0,1,0
24,2,3,5,1.351149887933931,20,25,4,0,1,0,0,1,0
30,2,14,1,1.3497178922598532,85,93,58,1,0,0,0,0,1
26,3,15,3,0.47109235205028777,47,23,73,1,0,0,0,0,1
31,2,15,4,0.12815636483935938,33,35,9,1,0,0,0,0,1
21,2,0,3,-0.9405059998093381,42,35,85,1,0,0,1,0,0
48,3,3,2,-1.3919400625463987,92,27,37,1,0,0,0,1,0
35,2,5,3,-1.2163210009535999,46,91,76,1,0,0,0,1,0
37,1,9,5,-1.3351288444807754,42,91,36,0,0,1,0,0,1
22,1,10,2,1.2937619874403048,60,89,65,1,0,0,0,0,1
41,2,11,3,-0.0898175342267303,76,2,4,0,0,1,0,0,1
50,2,11,4,-0.9882176788659242,22,51,69,1,0,0,0,0,1
20,1,13,5,0.2765684541828684,18,56,80,0,0,1,0,0,1
29,4,14,1,0.6257304409500255,80,47,99,1,0,0,0,0,1
24,2,7,3,-1.5134555196231916,16,37,55,0,1,0,0,0,1
48,2,14,2,0.6834283025163201,80,99,94,0,1,0,0,0,1
49,2,6,1,-0.17542866591563658,83,53,62,0,0,1,0,0,1
38,2,7,2,1.4204875732413316,89,25,56,1,0,0,0,0,1
26,3,1,5,-0.9987555908049577,71,50,20,1,0,0,1,0,0
27,2,13,2,0.07141090570542302,23,68,18,1,0,0,0,0,1
24,2,6,1,-1.6782837401821027,53,95,2,1,0,0,0,0,1
38,2,0,2,0.8793136665855753,8,4,18,0,1,0,1,0,0
49,1,9,2,1.3155097904399857,88,88,25,1,0,0,0,0,1
36,2,15,1,0.2809264801602811,50,20,9,0,1,0,0,0,1
25,2,2,1,1.4656877530243537,74,75,12,0,1,0,0,1,0
31,2,1,1,1.6598981749454789,69,34,41,0,1,0,1,0,0
24,1,9,1,-1.7004754058071903,57,6,50,0,1,0,0,0,1
33,1,7,5,1.5758993027781032,46,25,45,1,0,0,0,0,1
41,2,11,4,-1.21943264181,88,32,1,0,0,1,0,0,1
41,3,8,2,-1.5936384993241528,86,19,76,1,0,0,0,0,1
28,1,1,5,-0.5414785739504582,82,67,69,1,0,0,1,0,0
46,3,11,3,-0.9765132379349691,61,85,51,0,0,1,0,0,1
37,2,3,5,-0.23267858815419626,64,33,79,0,1,0,0,1,0
35,3,12,4,-0.5116414295824624,45,94,74,0,1,0,0,0,1
41,1,1,5,0.7815868647540205,72,76,2,1,0,0,1,0,0
29,1,11,5,0.09014843862461033,27,80,10,0,0,1,0,0,1
34,1,9,5,1.4394407670549894,27,92,66,1,0,0,0,0,1
22,3,7,2,-0.061137688821761925,63,35,21,1,0,0,0,0,1
41,4,15,1,1.6257689731998577,89,29,67,0,0,1,0,0,1
48,3,14,1,-0.610527111383203,61,79,36,0,1,0,0,0,1
39,2,15,2,1.7478941571771645,49,88,92,0,1,0,0,0,1
44,3,13,5,-0.6047582580192779,20,32,87,1,0,0,0,0,1
45,2,5,2,-0.13473711562314594,57,56,60,0,0,1,0,1,0
50,3,0,1,-1.0987178899344998,30,2,50,0,1,0,1,0,0
47,1,11,3,-1.2894574058630415,67,38,0,0,0,1,0,0,1
49,1,12,2,-1.2936446476294547,17,54,55,0,1,0,0,0,1
35,1,12,4,-1.6025240456351264,80,76,88,0,1,0,0,0,1
42,2,8,3,-0.5637961078261204,81,7,14,0,1,0,0,0,1
39,3,5,4,-1.289173807457982,68,28,21,1,0,0,0,1,0
25,1,0,1,-1.0728668860679356,73,68,57,0,1,0,1,0,0
47,3,8,5,1.2664264624052848,92,65,42,0,1,0,0,0,1
20,3,15,2,-1.0008823255316337,87,3,69,0,1,0,0,0,1
21,4,9,2,-0.6701210319821456,25,13,39,0,0,1,0,0,1
35,2,10,5,-1.0009512907577525,44,55,94,1,0,0,0,0,1
38,3,4,1,-1.3731680655468994,48,4,21,0,0,1,0,1,0
20,3,3,3,1.232360228886899,84,33,41,0,1,0,0,1,0
43,3,8,3,-0.6506435572850029,94,18,96,0,0,1,0,0,1
44,1,14,5,1.0823540190149434,74,21,36,1,0,0,0,0,1
43,2,3,3,0.6508888864301355,23,22,98,0,1,0,0,1,0
34,1,10,3,-1.1507773612199117,12,40,61,1,0,0,0,0,1
49,2,0,2,-0.531347389241646,5,69,20,1,0,0,1,0,0
27,3,8,3,-1.5207846339728506,79,39,27,0,1,0,0,0,1
22,3,0,2,-0.873681262620142,63,7,63,1,0,0,1,0,0
26,2,4,4,0.4461152691715387,73,71,12,0,1,0,0,1,0
22,2,2,2,-0.01030753287042894,62,8,17,1,0,0,0,1,0
41,4,2,3,0.8601135783466082,57,96,73,1,0,0,0,1,0
34,2,15,1,0.3022516489421166,61,6,84,1,0,0,0,0,1
33,2,5,3,0.9718378722942775,78,92,91,1,0,0,0,1,0
49,3,5,1,-0.18000714545044538,32,36,37,1,0,0,0,1,0
39,3,9,3,-1.445513336941242,31,49,25,0,0,1,0,0,1
45,2,2,1,0.6633096235795866,76,56,31,0,0,1,0,1,0
40,2,4,2,-1.2714749871436375,68,81,92,0,0,1,0,1,0
25,3,7,2,-1.5942278451134781,75,91,96,0,0,1,0,0,1
25,2,0,2,1.4088813141869707,76,6,89,0,1,0,1,0,0
22,2,12,3,1.3334011717953809,67,32,63,1,0,0,0,0,1
27,2,10,3,-0.7446253332667004,43,97,7,1,0,0,0,0,1
24,2,9,3,0.07728765165748948,47,83,96,1,0,0,0,0,1
36,3,8,4,-1.4874708575247313,93,7,91,1,0,0,0,0,1
34,2,3,4,0.3706103982201006,43,34,51,0,0,1,0,1,0
48,2,1,3,-1.5903937231750664,21,67,26,1,0,0,1,0,0
21,1,9,1,-0.6718030001244604,77,89,79,1,0,0,0,0,1
40,1,7,2,-1.3317503661145644,27,63,37,1,0,0,0,0,1
48,2,9,4,0.5803539879105795,65,65,45,0,1,0,0,0,1
30,2,7,3,1.4508064270963223,93,35,39,0,0,1,0,0,1
34,2,4,1,-0.3764593991685811,25,97,95,0,1,0,0,1,0
40,1,10,5,1.2659987733703255,10,16,20,1,0,0,0,0,1
46,2,1,5,-1.621038491436625,37,41,10,0,1,0,1,0,0
24,2,0,5,0.8399014965148801,62,3,58,1,0,0,1,0,0
42,2,15,3,1.1165940511404175,85,55,98,0,0,1,0,0,1
24,2,8,3,0.5815383245469442,16,66,16,0,1,0,0,0,1
38,3,8,4,1.1279579445987291,18,21,15,0,1,0,0,0,1
42,2,9,5,-0.8646481974534074,89,86,87,1,0,0,0,0,1
48,2,8,2,1.139515091004754,70,3,21,0,1,0,0,0,1
38,2,2,1,-0.7637326900487575,77,43,43,0,0,1,0,1,0
28,4,12,3,-1.608969029374118,30,67,27,1,0,0,0,0,1
49,1,14,5,1.5717570236081881,2,73,95,0,1,0,0,0,1
30,2,0,2,1.3830973230836556,34,11,90,1,0,0,1,0,0
25,2,8,3,-0.819346825922631,91,73,57,1,0,0,0,0,1
32,1,10,3,1.6008978950179966,98,94,27,0,1,0,0,0,1
43,2,5,2,0.3525461690086572,63,7,60,1,0,0,0,1,0
27,2,3,1,1.5224629964585732,37,70,87,0,1,0,0,1,0
24,2,15,1,0.1708055627626156,79,87,39,1,0,0,0,0,1
36,2,5,3,-1.6898389752558758,93,64,77,1,0,0,0,1,0
44,3,8,1,-0.8156812687582291,14,18,14,0,0,1,0,0,1
30,1,7,5,-0.4708754583789784,70,55,81,1,0,0,0,0,1
50,2,7,5,1.4412332722205963,42,28,42,0,1,0,0,0,1
42,2,15,1,1.458566547934879,55,39,14,1,0,0,0,0,1
30,2,1,4,0.893768060112134,29,40,52,0,0,1,1,0,0
22,3,7,5,0.8730081860033065,0,61,88,0,1,0,0,0,1
49,3,10,4,0.7041959210768943,98,77,17,0,1,0,0,0,1
21,3,9,5,-0.5100442352665003,98,29,20,1,0,0,0,0,1
41,3,8,2,-1.2164759357916566,67,94,23,1,0,0,0,0,1
31,1,12,4,-1.323903069324554,11,88,84,1,0,0,0,0,1
24,1,2,5,-0.30645351156500417,82,62,33,0,1,0,0,1,0
26,3,10,4,-0.45457181826605947,56,23,94,0,1,0,0,0,1
25,2,9,5,-0.06651232713029422,59,82,23,1,0,0,0,0,1
24,2,6,1,0.0511291572505753,68,59,35,1,0,0,0,0,1
20,2,2,5,0.02404494322539369,80,90,69,1,0,0,0,1,0
31,4,13,4,-0.9494945153419408,75,16,83,1,0,0,0,0,1
28,4,14,1,1.6882002967034175,96,22,32,0,1,0,0,0,1
28,3,15,5,1.6768001899159137,99,100,43,1,0,0,0,0,1
25,2,15,5,-0.956824866932948,26,88,43,0,0,1,0,0,1
20,2,6,2,-0.48926230809438437,43,17,13,0,0,1,0,0,1
41,1,2,3,-0.677206048191858,72,71,3,0,1,0,0,1,0
47,3,11,4,0.6827081756518556,100,64,47,1,0,0,0,0,1
50,2,13,4,0.8799479824257558,3,77,22,1,0,0,0,0,1
32,3,10,1,1.3482179072408036,8,94,25,1,0,0,0,0,1
22,2,15,5,0.06330749620339798,61,87,63,0,0,1,0,0,1
46,2,5,5,0.15198260593418428,9,90,7,0,1,0,0,1,0
40,2,8,1,-0.7116975055943209,99,58,98,1,0,0,0,0,1
39,3,0,2,1.683559355353202,97,57,34,1,0,0,1,0,0
47,1,9,5,0.9274245353753943,75,90,65,1,0,0,0,0,1
50,3,4,4,0.2748628167928501,91,53,7,0,1,0,0,1,0
22,2,10,5,0.42493956822865603,82,40,75,0,0,1,0,0,1
47,1,9,1,1.265764016543224,62,20,92,0,1,0,0,0,1
22,3,0,4,1.0264139874118952,36,11,25,1,0,0,1,0,0
43,2,5,1,0.7377323407280816,32,76,46,1,0,0,0,1,0
44,1,9,2,-1.4890022304127588,72,31,58,0,0,1,0,0,1
36,1,11,1,0.838987119112483,53,79,99,0,1,0,0,0,1
27,1,4,2,-0.8077324764899346,29,16,94,1,0,0,0,1,0
39,1,0,1,1.5506516054188995,58,96,85,0,1,0,1,0,0
41,4,0,1,0.6103703221838532,19,56,98,1,0,0,1,0,0
48,2,9,2,-1.1079789837306806,13,51,79,1,0,0,0,0,1
26,2,15,3,-1.199283486641368,12,54,43,0,1,0,0,0,1
49,1,13,1,-0.13368087565049225,94,29,11,1,0,0,0,0,1
20,2,1,5,-0.22632468298357217,99,40,29,1,0,0,1,0,0
27,2,0,3,0.8922279630432799,64,76,13,0,1,0,1,0,0
29,1,8,2,0.9047326063308013,89,28,67,1,0,0,0,0,1
38,2,6,5,0.3300293218508054,75,98,69,1,0,0,0,0,1
41,2,6,4,-1.6889481253365592,8,10,67,0,1,0,0,0,1
47,1,2,1,-0.2555354905283921,9,3,7,1,0,0,0,1,0
40,2,0,5,1.2313200295921678,20,95,60,1,0,0,1,0,0
36,2,10,5,1.0724343819186706,85,57,70,1,0,0,0,0,1
44,4,8,3,0.5943274116527199,69,65,98,0,1,0,0,0,1
44,2,5,3,1.1932020802581926,71,8,44,0,1,0,0,1,0
42,2,8,1,0.14959429922597695,88,52,40,1,0,0,0,0,1
47,2,6,3,0.5953870575985019,50,42,55,1,0,0,0,0,1
48,2,13,1,-1.588990629478809,18,44,68,1,0,0,0,0,1
35,1,12,2,0.12400760335371955,88,60,96,0,1,0,0,0,1
30,3,8,3,-0.8529030730047416,72,63,87,0,0,0,0,0,0
38,2,6,2,-0.10579267877858867,83,9,12,0,1,0,0,0,0
25,2,6,4,0.050590655179768226,99,17,27,0,1,0,0,0,1
43,2,4,2,0.6885240618924398,76,84,34,0,1,0,0,0,0
29,3,13,1,-0.39662501152982704,89,0,75,0,0,0,0,0,1
25,2,6,2,-1.5810017499073736,74,90,95,0,0,0,0,0,0
40,2,3,4,-0.119169361368037,30,96,62,0,1,0,0,0,0
45,3,1,4,1.6961936081125704,41,94,71,0,1,0,0,0,0
38,2,9,3,0.19183282279166552,71,93,65,0,0,0,0,0,1
41,3,0,1,-0.9705272381227863,93,87,42,0,1,0,0,0,0
33,3,15,4,-0.6013809726998328,35,95,42,0,0,0,0,0,1
40,2,13,2,-1.4692766392898062,82,48,94,0,0,0,0,0,1
36,3,8,3,-1.45956669976904,93,7,91,0,0,0,0,0,1
36,3,13,3,0.09333696850309868,3,69,68,0,0,0,0,0,1
34,3,14,5,-0.7348949142938405,36,95,41,0,0,0,0,0,1
37,2,3,2,-0.9914426644709776,90,9,99,0,1,0,0,0,0
35,3,12,2,-0.633234075390719,50,71,14,0,1,0,0,0,1
31,2,2,1,1.317447709507788,33,11,90,0,0,0,0,0,0
38,3,11,3,-0.21570883695677212,35,65,83,0,0,0,0,0,1
28,3,9,2,1.38144662222391,73,95,63,0,0,1,0,0,1
38,2,13,1,1.073838079512742,33,24,85,0,1,0,0,0,1
38,2,0,3,-0.3234590316545288,68,64,55,0,1,0,0,0,0
37,1,13,1,0.15711815821132227,69,81,35,0,1,0,0,0,1
29,2,10,3,0.8420424980655191,8,91,13,0,1,0,0,0,1
34,3,13,5,-1.0087195818629882,60,85,4,0,1,0,0,0,0
24,2,11,3,0.035958114151960714,53,68,8,0,1,0,0,0,1
36,1,0,2,-1.4286851810340437,14,82,86,0,1,0,1,0,0
41,2,10,1,0.5220342836720547,26,2,66,0,1,0,0,0,0
34,2,6,3,1.4791053792418687,89,20,66,0,0,0,0,0,0
43,3,2,1,-0.2644051704603334,15,96,31,0,1,0,0,0,0
45,3,1,1,1.291711577130303,14,50,89,0,0,0,0,0,0
47,3,11,4,-1.071272877663713,79,53,96,0,0,0,0,0,1
23,1,6,3,-0.4125129736610931,72,3,61,0,1,0,0,0,1
22,1,12,3,-1.1776363883366363,43,93,37,0,1,0,0,0,1
46,2,7,2,1.3378707783963337,25,97,85,0,0,0,0,0,0
24,2,5,5,0.18174386348030414,80,80,54,0,0,0,0,0,0
27,3,7,2,0.4210246128532967,10,5,36,0,1,0,0,0,1
37,2,8,4,-1.4009637623135678,93,7,92,0,0,0,0,0,1
42,2,9,3,0.9590511368956307,78,71,12,0,0,0,0,0,1
33,2,8,3,-1.2211628379188597,82,88,91,0,0,0,0,0,1
31,1,5,1,0.461214547790861,50,78,95,0,1,0,0,0,0
27,1,0,2,-1.3438713089712817,31,80,62,0,1,0,1,0,0
43,3,13,4,-0.43108991619237946,28,33,98,0,1,0,0,0,1
40,2,1,3,-1.4044513042740858,17,87,78,0,1,0,0,0,0
27,1,12,3,0.7869027900563641,7,87,43,0,1,0,0,0,1
40,2,1,4,-1.4093459007805542,18,90,77,0,1,0,0,0,0
41,3,4,3,0.2638025731190237,32,53,17,0,1,0,0,0,0
24,3,9,1,1.516994538101297,91,26,35,0,1,0,0,0,0
29,2,8,4,0.9398638338344351,51,96,14,0,1,0,0,0,1
29,2,3,3,-1.6104358410873598,86,65,26,0,1,0,0,1,0
42,1,14,3,1.0917825055561912,84,55,97,0,0,0,0,0,1
24,2,4,2,1.4998589180812438,83,70,19,0,1,0,0,0,0
39,3,8,3,-1.0333710128728164,93,12,93,0,0,0,0,0,1
21,2,9,2,1.3531614337807594,77,64,31,0,0,0,0,0,1
38,3,10,3,-0.7139262653177456,73,62,89,1,0,0,0,0,1
34,2,13,5,-1.5521196860521866,66,37,85,0,1,0,0,0,1
42,2,7,4,0.5112298835836296,44,35,88,0,1,0,0,0,1
45,2,8,3,-0.5149798708213965,68,60,94,0,0,0,0,0,0
32,3,14,4,-0.6700643147981067,58,86,3,0,1,0,0,0,1
35,2,6,1,0.04310777541556315,16,84,26,0,0,0,0,0,0
48,2,8,2,-1.4295069858712803,10,92,45,0,0,0,0,0,0
46,3,12,3,-1.3079350611523688,85,52,92,0,0,0,0,0,1
24,2,8,2,0.8604038475463808,55,83,23,0,0,0,0,0,1
33,3,8,4,1.0030270157110148,89,34,67,1,0,0,0,0,1
29,3,3,1,0.928209707055732,89,14,10,0,1,0,0,0,0
44,2,6,3,0.021283303744047296,39,51,15,0,1,0,0,0,1
27,2,9,4,-0.2865535713454266,80,77,52,0,1,0,0,0,1
30,1,10,1,0.8778813562017196,54,87,96,0,0,0,0,0,1
24,3,5,4,-0.7982102024481765,67,60,80,0,1,0,0,0,0
24,3,15,2,0.3497883528178986,78,70,84,0,0,0,0,0,1
36,1,0,2,-1.4280754574814252,14,82,86,0,1,0,1,0,0
24,3,8,1,1.467710614670208,90,27,36,0,1,0,0,0,0
37,1,11,4,-1.3642222642378283,82,79,87,0,0,0,0,0,1
47,3,14,4,0.6428425918347679,20,93,89,0,0,0,0,0,1
29,3,7,2,0.8539707563435757,86,36,72,1,0,0,0,0,1
36,3,7,1,1.3168585642774038,30,22,79,0,1,0,0,0,0
21,2,9,4,-1.5921811379388826,52,45,37,0,0,0,0,0,1
41,3,8,5,1.6897974192996528,76,49,30,0,1,0,0,0,1
31,2,13,2,-0.8786150217172388,64,7,78,0,0,0,0,0,1
45,3,12,1,0.6277012723224192,88,59,54,0,0,0,0,0,1
27,3,4,4,-1.1129305558822342,57,94,8,0,1,0,0,1,0
45,3,14,4,0.5133375142555507,23,92,89,0,0,0,0,0,1
49,1,7,1,-0.13266926512689345,82,49,60,0,0,0,0,0,1
26,3,9,4,-0.15079556784337772,15,60,71,0,0,0,0,0,0
28,2,4,4,-0.9236069983755167,68,58,95,0,0,0,0,0,0
33,2,2,2,1.0816440484809002,78,7,85,0,0,0,0,0,0
42,2,8,2,-0.5933959850149073,75,12,11,0,0,0,0,0,1
22,2,2,2,-0.3037043479525499,74,66,11,0,1,0,0,0,0
23,1,14,2,0.03213037823287143,83,35,44,0,1,0,0,0,1
43,3,7,3,-0.6010655393191598,56,26,77,0,1,0,0,0,1
31,2,3,4,0.06771359875800104,74,46,81,0,0,0,0,0,0
30,2,9,2,-0.4289096272034143,38,57,91,0,1,0,0,0,1
26,3,11,4,0.8495275417007007,35,92,73,0,0,0,0,0,1
20,2,7,2,-0.1999412069077306,61,69,11,0,1,0,0,0,0
33,2,10,4,-0.07015234864006052,23,22,96,0,1,0,0,0,1
38,2,8,1,0.6005447904635499,75,84,34,0,1,0,0,0,0
33,3,7,2,-0.4300518279626881,19,89,24,0,0,0,0,0,0
27,2,8,3,-1.511542073188322,78,39,26,0,0,0,0,0,1
40,3,11,3,0.7507391097932941,74,85,96,1,0,0,0,0,1
37,3,10,2,-0.7435381069583791,34,59,90,0,0,0,0,0,1
38,3,14,4,0.6294690064393521,69,86,62,0,0,0,0,0,1
34,3,8,4,1.102284081146427,93,34,64,0,0,0,0,0,0
41,2,6,4,-1.430115945964987,79,13,74,0,1,0,0,0,1
41,3,13,4,-1.0049685838294957,89,52,94,0,0,1,0,0,1
32,2,6,4,-1.425415984630502,85,70,10,0,0,0,0,0,1
42,2,7,2,-0.7094472417497752,34,95,60,0,1,0,0,0,0
40,2,8,5,0.056062616792844785,18,62,12,0,1,0,0,0,0
26,2,5,1,0.5968051551907417,86,76,35,0,1,0,0,0,0
37,1,15,4,-0.7642784358420202,10,47,97,0,1,0,0,0,1
37,2,8,1,-1.0081967665222424,42,22,80,0,1,0,0,0,1
29,2,7,4,-1.124657740167675,90,46,75,0,0,0,0,0,0
32,1,13,2,-0.885755499995469,86,70,52,0,0,0,0,0,1
45,2,3,1,1.2616988809161607,98,15,70,0,0,0,0,0,0
38,1,15,1,-1.4999295188968442,90,54,84,0,1,0,0,0,1
43,3,7,3,-0.5391849006967657,95,91,8,0,1,0,0,0,0
40,3,11,4,1.1381807066392629,83,91,14,0,0,0,0,0,1
26,2,5,4,0.19604898177049618,98,17,25,0,1,0,0,0,0
22,3,7,2,1.4846855806267538,79,63,30,0,0,0,0,0,1
21,3,7,2,1.4725146355930712,75,62,31,0,0,0,0,0,1
25,2,6,2,-1.5785522189707313,74,90,95,0,0,0,0,0,0
34,3,6,2,-0.7695323890293055,27,61,77,0,0,0,0,0,0
35,2,6,4,-1.4416766609754368,86,80,6,0,0,0,0,0,1
37,1,5,2,-0.8191061047612151,17,94,90,0,1,0,0,0,0
33,1,12,1,0.5105283774871568,73,83,34,0,1,0,0,0,0
28,2,8,3,1.1868380253342887,82,48,48,0,1,0,0,0,0
44,3,7,3,1.6817449183393047,52,84,68,0,0,0,0,0,0
39,3,6,4,0.6912130764926987,25,55,14,0,0,0,0,0,0
37,2,9,2,-1.2710054444500263,43,25,80,0,1,0,0,0,1
23,2,7,1,-1.1750934824326171,75,90,88,0,0,0,0,0,1
34,2,12,2,-1.0817097523496062,45,88,76,0,1,0,0,0,1
37,3,11,3,-0.434162460479949,35,62,86,0,0,0,0,0,1
47,2,12,2,-1.3718157490086986,16,96,44,0,0,0,0,0,0
34,2,13,5,-1.5333362763166016,66,37,85,0,1,0,0,0,1
36,2,12,1,0.8523903027064966,35,16,91,0,1,0,0,0,1
22,2,8,1,-0.0625292916739754,41,55,92,0,1,0,0,0,1
29,3,6,3,0.8606101036705667,86,40,73,0,0,0,0,0,0
37,1,10,5,-0.062485911391798016,70,51,30,0,1,0,0,0,0
20,2,9,4,0.9285752189498446,84,18,91,0,0,0,0,0,0
38,3,12,4,-0.5777414214999657,35,95,41,0,1,0,0,0,1
27,3,9,3,1.2433858556920443,74,63,5,1,0,0,0,0,1
42,4,6,2,1.1955842847337017,11,41,94,0,1,0,0,0,0
28,2,11,1,1.3414278718415864,85,79,52,0,0,0,0,0,1
43,3,12,3,-1.679414214591101,92,25,63,0,0,1,0,0,1
22,1,13,3,-0.2982728809718026,7,51,92,0,0,0,0,0,1
32,2,12,2,-0.6740066434442874,80,89,66,0,0,0,0,0,1
20,1,13,2,-0.2844449963442775,83,32,44,0,0,0,0,0,1
27,1,0,2,-0.5847271000066767,78,57,23,0,1,0,0,0,0
25,1,7,4,-0.86381128990644,96,92,42,0,1,0,0,0,0
21,2,8,1,0.1541998305149599,40,56,93,0,1,0,0,0,1
32,2,10,4,-1.04876989327551,67,39,26,0,0,0,0,0,1
32,2,6,3,0.6628966323087292,68,65,97,0,0,0,0,0,1
27,3,5,3,-1.0949922808139176,48,93,4,0,1,0,0,0,0
26,2,5,4,0.2678489123223728,81,77,48,0,1,0,0,0,0
38,3,9,3,1.072844370618937,77,69,10,1,0,0,0,0,1
35,2,6,4,0.5832251377232672,74,97,67,0,0,0,0,0,1
40,3,14,1,1.6264471081022416,88,28,66,0,0,0,0,0,1
31,2,13,2,-0.4235068968021105,48,65,17,0,1,0,0,0,1
40,2,10,1,-1.1716653736839715,40,92,65,0,1,0,0,0,1
21,2,6,4,0.6308625285707816,84,42,48,0,0,0,0,0,0
22,2,9,4,-1.4101419858510529,49,53,42,0,1,0,0,0,1
29,2,0,2,-0.7178140648910893,76,54,20,0,0,0,0,0,0
30,3,12,4,-0.8794197726125322,72,16,84,0,0,0,0,0,1
23,2,3,3,1.2142336963955784,89,76,93,0,0,0,0,0,0
36,3,4,3,-0.16575217242914486,84,19,99,0,0,0,0,0,0
26,3,10,3,1.6496382846396056,80,96,58,0,0,0,0,0,1
25,1,6,4,0.0056132794278627605,98,19,29,0,1,0,0,0,1
36,1,9,4,1.0094682743956982,84,57,71,0,0,0,0,0,1
45,2,9,2,-1.3796605691413382,22,55,49,0,1,0,0,0,1
35,3,12,2,-0.6113347589951731,48,64,16,0,1,0,0,0,1
49,3,12,4,0.4246255133694459,14,95,87,1,0,0,0,0,1
31,4,4,3,-0.5517392107170709,24,59,77,0,0,0,0,0,0
40,2,9,2,-0.590075666967321,74,40,22,0,1,0,0,0,1
40,3,14,1,1.6201216272235488,89,29,66,0,0,0,0,0,1
35,2,12,2,-1.098811887829078,45,88,76,0,1,0,0,0,1
21,1,14,3,-1.16035608473137,42,98,35,0,0,0,0,0,1
37,1,12,2,0.4409539926194384,87,58,96,0,0,0,0,0,1
44,2,6,3,0.005539552636280275,39,51,16,0,1,0,0,0,1
23,1,12,2,0.6820417993994254,7,89,43,0,1,0,0,0,1
25,3,8,3,0.8536149026307652,85,30,81,0,0,0,0,0,1
32,2,10,4,0.944153503934595,61,98,15,0,1,0,0,0,1
38,1,5,2,1.0920900054579654,94,20,69,1,0,0,0,0,0
27,2,8,3,0.9756838836930873,52,92,18,0,0,0,0,0,1
42,3,12,2,0.8796547275260876,88,59,58,1,0,0,0,0,1
32,1,8,1,0.28753655340029255,13,85,32,0,1,0,0,0,1
23,1,10,1,-0.6943672724424904,78,88,75,0,0,0,0,0,1
41,3,8,2,0.5848538639414141,11,22,25,0,1,0,0,0,1
28,2,11,1,1.3633621434914174,86,81,51,0,0,0,0,0,1
25,1,14,4,1.6113572181802904,90,78,90,1,0,0,0,0,1
23,2,7,3,1.5293427032113915,73,64,30,0,0,0,0,0,1
37,3,8,3,-0.46981289709691004,85,80,2,0,0,0,0,0,1
37,2,11,5,-1.4291486094657568,62,34,82,0,1,0,0,0,1
34,2,14,2,-1.3273372506724308,18,60,45,0,1,0,0,0,1
41,3,7,3,-0.590761803974142,56,26,78,0,1,0,0,0,1
27,2,9,1,0.8939448805359327,55,91,95,0,0,0,0,0,1
46,3,2,4,1.5695817711080737,40,94,68,0,1,0,0,0,0
35,2,9,4,1.0384998928289921,85,54,70,1,0,0,0,0,1
32,3,12,3,0.7415660280966607,91,60,94,0,0,0,0,0,1
22,1,8,2,-1.1812785861086752,71,66,55,0,1,0,0,0,0
26,2,7,2,-1.5950667791118784,75,89,95,0,0,0,0,0,1
20,2,10,3,0.28741017294456794,94,48,62,0,1,0,0,0,1
43,3,12,4,-0.3663465347804279,29,33,97,0,1,0,0,0,1
34,3,12,2,0.24185511159668932,98,87,56,0,1,0,0,0,1
43,2,9,4,-0.5888739415348071,87,88,88,0,0,0,0,0,1
38,2,14,2,0.972399050240966,83,52,98,0,0,0,0,0,1
36,3,3,4,0.819168096266454,18,58,19,0,0,0,0,1,0
29,2,10,3,0.9011346767564297,12,95,18,0,1,0,0,0,1
32,2,9,4,1.2434865759283238,58,39,72,0,1,0,0,0,1
30,1,10,3,-1.149612212765318,43,84,37,0,0,0,0,0,1
45,2,10,1,-1.5405571477945186,22,63,53,0,1,0,0,0,1
44,2,10,3,-0.013069682297195483,39,15,30,0,1,0,0,0,1
41,2,10,1,-0.6732184988780033,43,17,61,0,1,0,0,0,1
23,2,9,3,1.6906831263856947,81,25,61,0,1,0,0,0,0
44,2,5,1,1.3384707460791427,96,18,70,0,0,0,0,0,0
21,2,4,3,1.4052898500734234,76,58,40,0,0,0,0,0,0
45,3,13,2,-1.3057510795215381,18,96,43,0,1,0,0,0,1
31,3,13,2,-0.5214355663614564,86,86,62,0,1,0,0,0,1
31,3,10,4,0.05821272646862191,41,92,73,0,1,0,0,0,1
33,2,11,3,-0.629092934093561,79,91,67,0,0,0,0,0,1
40,2,11,1,0.400157345466914,24,1,61,0,1,0,0,0,1
38,1,8,4,-1.2380381659985855,41,91,36,0,0,0,0,0,1
35,1,9,1,0.6623710216709073,54,73,98,0,0,0,0,0,1
25,2,6,2,-1.5917058293871436,74,90,95,0,0,0,0,0,0
33,3,10,2,0.5610883542705221,36,85,74,0,0,0,0,0,1
41,2,6,4,-1.5967556257386206,75,15,79,0,0,0,0,0,1
33,1,4,1,-0.31318393361661734,24,95,94,0,1,0,0,0,0
24,1,6,4,-0.3155022339040846,79,1,68,0,0,0,0,0,1
37,3,11,2,-0.4792884019428209,46,61,16,0,1,0,0,0,1
28,1,6,1,0.49419272829589517,82,78,36,0,1,0,0,0,0
26,2,9,3,0.6765642831613071,7,77,10,0,1,0,0,0,1
36,1,9,4,-0.4046695719349739,75,99,73,0,0,0,0,0,1
49,2,6,1,0.015010556507467358,85,59,65,0,0,1,0,0,1
38,2,7,4,-1.439409099405134,75,15,80,0,0,0,0,0,1
25,2,7,1,1.0060443873307447,57,97,91,0,0,0,0,0,0
31,1,9,1,1.0659533373839079,89,28,67,0,0,0,0,0,1
36,3,11,2,-0.44732519942607657,51,79,10,0,1,0,0,0,1
41,3,8,5,1.6955296525928771,76,49,30,0,1,0,0,0,1
24,2,5,1,1.1645599085382645,48,87,95,0,1,0,0,0,0
23,2,5,2,-1.0777321628483545,81,86,1,0,1,0,0,0,0
23,2,8,1,-0.058799583145057496,41,55,92,0,1,0,0,0,1
39,3,8,3,0.3396611715895815,52,68,96,0,0,0,0,0,1
45,2,6,3,0.0001979175534835054,38,51,15,0,1,0,0,0,1
31,3,12,4,-0.9891953213039463,76,15,83,1,0,0,0,0,1
36,3,7,3,-1.0302034781351246,57,91,79,0,1,0,0,0,0
31,3,13,2,-0.7296609264763122,82,86,63,0,1,0,0,0,1
25,2,5,3,-1.0378354599711967,71,89,5,0,1,0,0,1,0
39,3,12,3,-0.6816272158350808,51,88,79,0,1,0,0,0,1
29,2,6,4,1.0833231504551564,94,52,70,0,0,0,0,0,0
25,2,5,2,1.0592644577909198,88,71,30,0,1,0,0,0,0
34,2,6,4,-1.4352528197323577,86,76,7,0,0,0,0,0,1
28,1,14,2,0.4811222893129742,83,40,45,0,1,0,0,0,1
45,2,12,3,0.3182857245998032,74,79,20,0,1,0,0,0,1
28,4,3,1,0.5979325291331253,87,44,60,0,0,0,0,0,0
41,1,13,3,-1.4102541945887264,97,68,42,0,0,0,0,0,1
37,2,0,2,-0.4192039783177249,69,64,56,0,1,0,1,0,0
32,2,7,1,0.4201617095289217,55,65,96,0,0,0,0,0,1
24,1,10,3,0.08603025021604827,15,84,87,0,0,0,0,0,1
43,1,10,3,0.6171450397134524,72,90,64,0,0,0,0,0,1
28,2,4,2,-0.46241239112594723,76,58,14,0,1,0,0,0,0
28,2,8,3,1.3942182167564463,74,96,64,0,0,0,0,0,1
44,3,9,3,1.0521942197904244,94,67,47,0,0,0,0,0,1
40,2,12,1,0.5803460944200463,28,6,73,0,1,0,0,0,1
40,2,10,2,1.3575909782049989,26,37,86,0,1,0,0,0,1
35,1,10,1,0.8669109593130264,52,79,98,0,1,0,0,0,1
35,2,7,1,0.09532686098342553,15,84,26,0,1,0,0,0,1
34,1,12,2,0.1125168132181555,88,59,95,0,0,0,0,0,1
37,2,5,2,1.1197449483877064,12,68,25,0,0,0,0,0,0
40,2,10,2,0.5488855782603378,51,74,97,0,1,0,0,0,1
47,3,13,5,0.7115986235671232,68,27,86,0,0,0,0,0,1
43,3,9,4,-0.2037095789315505,44,14,36,0,1,0,0,0,1
46,3,11,2,0.6425564563975298,89,63,58,0,0,0,0,0,1
36,3,8,3,0.9004068391563383,83,75,43,0,0,0,0,0,1
37,2,11,3,-0.7660937799344697,33,57,91,0,1,0,0,0,1
27,2,0,2,-0.6285220251935235,76,58,18,0,1,0,1,0,0
42,1,13,4,-1.5847919848960168,95,72,39,0,0,0,0,0,1
22,1,8,1,-0.7238841122226342,62,76,49,0,1,0,0,0,0
37,2,5,3,-0.9374218535704694,92,84,6,0,1,0,0,0,0
24,2,8,2,0.741097784409514,86,74,32,0,1,0,0,0,0
29,2,9,4,0.304785781710146,53,69,3,0,1,0,0,0,1
26,2,4,3,0.3369461905430741,73,69,12,0,1,0,0,0,0
28,3,3,1,0.9936688765490528,89,14,10,0,1,0,0,0,0
24,2,7,2,0.6018643894687171,15,66,16,0,0,0,0,0,0
36,3,12,3,-0.6675357767712402,54,81,8,0,1,0,0,0,1
40,3,13,1,1.52705100952671,89,29,66,0,0,0,0,0,1
20,1,13,2,-0.37531844141806525,83,31,43,0,1,0,0,0,1
40,1,5,2,-1.17033361372008,13,89,86,0,1,0,0,0,0
32,2,8,3,-0.2427385213028837,73,56,19,0,1,0,0,0,1
33,2,8,4,0.9820421546706014,85,50,71,1,0,0,0,0,1
25,2,0,2,1.3909558731460885,76,6,88,0,0,0,0,0,0
41,2,6,4,-1.5260188952073137,77,14,76,0,1,0,0,0,1
36,3,11,2,-0.5068475015368923,50,77,11,0,1,0,0,0,1
34,2,8,1,0.648502834321298,55,72,97,0,0,0,0,0,1
41,3,11,2,0.004092282859596922,19,17,17,0,1,0,0,0,1
29,2,7,3,-0.7343339992128965,83,78,9,0,1,0,0,0,1
46,2,14,1,-0.5880489544896844,60,79,35,0,0,0,0,0,1
24,3,10,3,0.9608223160917762,56,30,13,0,0,0,0,0,1
38,1,14,1,1.577838567560692,49,86,93,0,1,0,0,0,1
31,2,7,3,-0.7649824877235822,84,77,9,0,0,0,0,0,1
48,2,11,5,-0.07625336342804893,57,30,91,0,0,0,0,0,1
42,4,7,4,-0.9747148141328003,56,29,77,0,1,0,0,0,1
26,2,8,4,-1.4068135746277894,65,59,72,0,0,0,0,0,1
37,3,10,1,-1.2390100515083726,32,64,79,0,0,0,0,0,1
31,1,10,3,1.6123100031094708,98,94,29,0,0,0,0,0,1
43,3,7,4,1.4338232101103987,13,40,96,0,1,0,0,0,1
27,2,11,3,-0.017192255395143137,38,55,90,0,1,0,0,0,1
28,1,12,3,-0.9297396661729541,79,74,55,0,1,0,0,0,1
40,3,2,4,-1.3617945547277157,18,92,76,0,0,0,0,0,0
21,3,7,1,-0.059774489581696205,44,12,48,0,1,0,0,0,1
33,1,12,2,0.2383535646678636,89,60,95,0,0,0,0,0,1
27,3,4,2,1.038412056662901,95,68,95,1,0,0,0,0,0
41,1,13,3,-1.3430282409897554,97,67,43,0,0,0,0,0,1
39,1,4,2,1.1227581479663973,95,19,69,1,0,0,0,0,0
26,2,12,3,1.6536920997581523,90,78,90,1,0,0,0,0,0
27,1,14,4,1.3802399259138793,93,78,92,1,0,0,0,0,1
34,2,11,2,0.5370960502172484,36,84,75,0,0,0,0,0,1
40,2,6,2,-0.7429418714942333,92,15,96,0,0,0,0,0,0
36,3,11,4,-0.039956385758307386,27,24,96,0,1,0,0,0,1
25,3,8,3,-1.5403179010586547,75,40,28,0,1,0,0,0,1
24,2,3,1,1.4943400894539292,81,71,18,0,1,0,0,0,0
30,2,6,4,-0.9605506890497513,81,65,11,0,0,0,0,0,1
37,3,8,3,-0.4903998222341502,85,80,2,0,0,0,0,0,1
34,2,11,3,0.2840444797395583,89,62,52,0,0,0,0,0,1
33,1,9,4,-0.47751475299250046,75,98,73,1,0,0,0,0,1
36,1,13,2,1.6780357822328642,46,49,87,0,1,0,0,0,1
41,4,7,2,1.1876482555333705,10,40,95,0,1,0,0,0,0
36,2,12,1,1.351998351572878,89,28,67,0,0,0,0,0,1
46,3,10,2,1.2762394724278714,46,80,83,0,0,0,0,0,1
48,1,10,1,-1.3647614882528107,16,53,56,0,1,0,0,0,1
32,3,14,4,-0.6869911239260418,36,93,42,0,1,0,0,0,1
21,3,8,1,-0.6125939232210916,59,8,47,0,1,0,0,0,1
22,2,8,2,0.4127356354964056,92,46,62,0,1,0,0,0,0
41,2,7,2,-1.6107530065233382,81,17,77,0,0,0,0,0,1
40,3,12,3,0.0909328878469066,33,80,86,0,0,0,0,0,1
29,2,9,2,-1.5978572247897795,77,84,92,0,0,0,0,0,1
22,1,14,3,-0.21327896346449624,6,51,93,0,0,0,0,0,1
32,2,6,3,-1.0006524967109889,85,78,7,0,1,0,0,0,1
31,2,8,2,0.8212127851399342,83,10,10,0,1,0,0,0,0
41,2,8,1,-0.8328278989027706,95,56,97,0,0,0,0,0,1
41,3,7,4,-1.217397360336545,82,12,70,0,1,0,0,0,1
20,2,5,3,0.9308881678067501,84,35,43,0,0,0,0,0,0
36,3,3,2,1.3097347672410589,24,12,77,0,0,0,0,0,0
40,1,6,2,-1.1449434210748841,13,91,86,0,1,0,0,0,0
30,2,1,2,0.32855180846577864,80,35,83,0,0,0,0,0,0
32,2,5,4,-1.368804733746559,84,69,10,0,0,0,0,0,0
42,3,10,2,-1.6404486844706574,89,22,69,0,0,0,0,0,1
28,2,11,3,1.6787461077045653,83,26,63,0,0,0,0,0,1
20,3,12,1,-0.7386198531007085,93,12,68,0,0,0,0,0,1
40,3,11,4,0.0110147314996974,35,27,96,0,1,0,0,0,1
36,2,11,2,1.4178942273253106,82,54,96,0,0,0,0,0,1
25,2,2,1,1.1305016571529063,73,73,12,0,1,0,0,1,0
33,3,14,1,0.050334444448125994,44,79,78,0,0,0,0,0,1
30,2,10,4,0.07422907843796,52,67,7,0,1,0,0,0,1
28,2,5,2,-0.3945248749908597,76,59,13,0,1,0,0,0,0
28,3,14,1,-0.02829734131249747,51,80,80,0,0,0,0,0,1
20,2,8,4,0.9463981351422135,83,18,91,0,0,0,0,0,0
41,2,12,2,1.1715636773456723,10,80,40,0,1,0,0,0,1
34,2,12,3,-0.32997912855451444,15,96,25,0,1,0,0,0,0
28,2,11,4,0.18777829722783845,53,75,3,0,1,0,0,0,1
39,3,2,1,-0.9577475253420905,90,84,45,0,1,0,0,0,0
31,1,10,4,-1.307653792083726,42,94,36,0,0,0,0,0,1
41,3,8,3,-0.9814860613756089,86,10,62,0,1,0,0,0,0
22,1,7,3,-1.3596305257404655,36,95,46,0,1,0,0,0,0
21,1,11,1,-0.8456782735947131,38,70,56,0,0,0,0,0,1
40,2,4,2,1.2195895364586589,11,69,27,0,0,0,0,0,0
21,2,12,3,1.1562992908382403,84,70,28,0,0,0,0,0,1
44,3,5,3,0.03573316304874167,38,51,16,0,1,0,0,0,0
32,1,9,4,1.0704993016687394,25,72,19,0,1,0,0,0,0
38,3,3,4,0.9336634404542381,16,61,22,0,0,0,0,1,0
26,2,2,1,-1.2200480909588194,32,76,63,0,0,0,0,0,0
43,2,4,2,1.3531554718177072,10,70,31,0,0,0,0,0,0
20,3,11,1,-0.5744828856126258,97,17,68,0,0,0,0,0,1
37,3,7,4,-0.9081415513098848,85,81,3,0,0,0,0,0,1
37,1,10,1,0.7099565935967571,52,76,98,0,1,0,0,0,1
36,3,9,3,1.1016813440120692,77,68,9,1,0,0,0,0,1
40,2,13,4,-0.988525587555627,90,53,93,0,0,1,0,0,1
44,2,10,3,-1.3204241253886089,21,78,79,0,0,0,0,0,0
25,1,0,1,1.4032550669683193,75,6,89,0,1,0,0,0,0
27,3,3,2,1.1171818991348181,95,69,95,1,0,0,0,0,0
27,2,9,1,-0.31060856944710247,39,56,92,0,1,0,0,0,1
